{"stat.killEntity.EntityHorse":4,"stat.leaveGame":10,"stat.craftItem.4384":27,"stat.craftItem.4383":171,"stat.useItem.916":1,"stat.mineBlock.134":1,"achievement.radDeath":2,"stat.killEntity.PigZombie":1,"stat.useItem.921":3,"stat.craftItem.4154":3,"stat.craftItem.4156":464,"stat.craftItem.6332":1152,"stat.craftItem.4151":595,"stat.mineBlock.148":3,"stat.craftItem.5219":1,"stat.craftItem.5695":3,"stat.mineBlock.598":1,"stat.mineBlock.596":6,"stat.killEntity.Enderman":2,"stat.mineBlock.112":124,"stat.craftItem.1092":3,"stat.mineBlock.597":2,"stat.mineBlock.113":24,"stat.mineBlock.116":1,"stat.killEntity.entity_glyphid":42,"achievement.buildPickaxe":1,"stat.killEntity.Witch":1,"stat.useItem.905":6,"stat.mineBlock.1192":1,"stat.mineBlock.1190":7,"stat.mineBlock.129":4,"stat.craftItem.5033":2,"stat.mineBlock.181":1451,"stat.useItem.6017":28,"stat.craftItem.4185":285,"stat.mineBlock.174":15,"stat.mineBlock.175":20,"stat.craftItem.4180":251,"stat.mineBlock.1188":5,"stat.craftItem.6379":5,"stat.craftItem.6378":10,"stat.craftItem.4193":54,"stat.craftItem.4192":14,"stat.mineBlock.1174":2,"stat.mineBlock.1172":1,"stat.mineBlock.1169":2,"achievement.openInventory":2282,"stat.mineBlock.161":1,"stat.mineBlock.162":449,"stat.craftItem.6100":1,"stat.mineBlock.154":16,"stat.mineBlock.152":1,"stat.craftItem.4162":7,"stat.mineBlock.153":32,"stat.mineBlock.1163":1,"stat.mineBlock.1159":1,"stat.deaths":8,"stat.craftItem.4179":352,"stat.craftItem.4175":630,"stat.craftItem.4178":512,"stat.craftItem.4177":4,"stat.mineBlock.165":11,"stat.craftItem.4174":173,"stat.mineBlock.1151":4,"stat.mineBlock.1148":3,"stat.mineBlock.1147":1,"stat.useItem.1169":7,"stat.craftItem.739":8,"stat.craftItem.5070":16,"stat.useItem.1163":3,"stat.craftItem.973":1,"stat.mineBlock.1145":11,"stat.mineBlock.1142":2,"stat.craftItem.737":8,"stat.mineBlock.1143":6,"stat.mineBlock.1138":20,"stat.useItem.765":10,"stat.useItem.1159":4,"achievement.killCow":43,"stat.useItem.1151":6,"stat.craftItem.969":0,"achievement.radPoison":17181,"stat.useItem.973":1,"stat.craftItem.520":5,"stat.useItem.977":3,"stat.craftItem.5056":124,"stat.useItem.1147":1,"stat.craftItem.5058":164,"stat.useItem.1148":3,"stat.useItem.1143":13,"stat.craftItem.6382":1,"stat.craftItem.5054":48,"stat.useItem.1145":30,"stat.craftItem.6380":5,"stat.craftItem.6381":3,"stat.craftItem.5050":224,"stat.mineBlock.1122":2,"stat.mineBlock.1120":6,"stat.mineBlock.1121":24,"stat.mineBlock.1114":12,"stat.mineBlock.1117":3,"stat.useItem.982":1,"stat.craftItem.13":48,"stat.useItem.1138":18,"stat.craftItem.5068":228,"stat.breakItem.5548":1,"stat.breakItem.5546":1,"stat.mineBlock.1345":1,"stat.useItem.951":4,"stat.useItem.6411":220,"stat.craftItem.930":0,"stat.useItem.965":4,"stat.useItem.969":6,"stat.useItem.1195":1,"stat.useItem.1190":48,"stat.craftItem.921":1,"stat.useItem.930":1,"stat.useItem.934":1,"stat.useItem.1188":13,"stat.useItem.938":1,"stat.useItem.1183":1,"stat.useItem.6":6,"stat.mineBlock.1312":1,"stat.useItem.1":8,"stat.useItem.700":5,"stat.useItem.942":1,"stat.useItem.4":404,"stat.useItem.947":1,"stat.useItem.3":88,"stat.breakItem.5554":1,"stat.useItem.1172":10,"stat.craftItem.700":1,"stat.useItem.355":5,"stat.useItem.596":2,"stat.useItem.116":2,"stat.craftItem.61":7,"stat.craftItem.67":32,"stat.craftItem.65":27,"stat.mineBlock.1417":1,"stat.useItem.1315":3,"stat.useItem.1312":1,"achievement.buildWorkBench":13,"stat.mineBlock.4":44,"stat.mineBlock.5":53,"stat.mineBlock.3":659,"achievement.slimeball":25,"stat.mineBlock.1":14783,"stat.mineBlock.808":1,"stat.flyOneCm":4030847,"stat.useItem.106":10,"stat.useItem.109":7,"stat.craftItem.98":560,"stat.craftItem.1114":5,"stat.craftItem.4624":6,"stat.craftItem.4623":24,"stat.craftItem.4625":11,"stat.craftItem.4620":16,"stat.craftItem.4622":48,"stat.killEntity.entity_fucc_a_ducc":1,"stat.useItem.1121":24,"stat.useItem.1122":2,"stat.killEntity.Creeper":27,"stat.mineBlock.859":2,"stat.useItem.324":1,"stat.craftItem.652":1328,"stat.craftItem.4636":1,"stat.useItem.1117":3,"stat.craftItem.35":6,"stat.useItem.1114":15,"stat.craftItem.1122":0,"stat.craftItem.1121":5,"achievement.buildSword":6,"stat.mineBlock.860":6,"stat.mineBlock.622":2,"stat.craftItem.887":1,"stat.mineBlock.865":3,"stat.mineBlock.629":25,"stat.breakItem.272":1,"stat.craftItem.41":6,"stat.craftItem.42":48,"stat.craftItem.4600":12,"achievement.killEnemy":186,"stat.craftItem.58":8,"stat.mineBlock.608":5,"stat.craftItem.4619":30,"stat.craftItem.4618":62,"stat.craftItem.4615":6,"stat.craftItem.4614":2,"stat.craftItem.50":268,"stat.craftItem.54":80,"stat.killEntity.Zombie":33,"stat.mineBlock.602":13,"stat.mineBlock.600":282,"stat.mineBlock.601":6,"stat.mineBlock.606":42,"stat.diveOneCm":114767,"stat.craftItem.1159":3,"stat.useItem.67":17,"stat.craftItem.5999":1,"stat.useItem.61":7,"stat.craftItem.4427":130,"stat.craftItem.4663":24,"stat.craftItem.1151":0,"stat.mineBlock.653":20,"stat.mineBlock.411":2,"stat.mineBlock.412":194,"stat.mineBlock.654":3,"stat.mineBlock.651":16,"stat.mineBlock.652":186,"stat.mineBlock.655":2,"stat.mineBlock.413":7,"stat.craftItem.297":2,"stat.jump":17637,"stat.craftItem.1162":5,"stat.craftItem.5766":1,"stat.mineBlock.660":1,"stat.mineBlock.427":68,"stat.mineBlock.428":16,"stat.mineBlock.429":10,"stat.useItem.175":1,"stat.craftItem.4404":14,"stat.craftItem.4405":108,"stat.craftItem.4402":140,"stat.craftItem.4401":38,"stat.craftItem.1132":1,"stat.damageTaken":54424,"stat.mineBlock.631":315,"stat.mineBlock.632":4,"stat.mineBlock.634":1,"stat.useItem.49":10,"stat.useItem.54":33,"stat.useItem.50":168,"stat.craftItem.4656":26,"stat.craftItem.4414":108,"stat.craftItem.5506":160,"stat.craftItem.4658":3,"stat.entityKilledBy.Zombie":1,"stat.craftItem.4413":14,"stat.craftItem.1145":0,"stat.mineBlock.642":28,"stat.mineBlock.640":319,"stat.useItem.6383":38,"stat.mineBlock.647":9,"stat.useItem.6382":441,"stat.useItem.58":12,"stat.craftItem.263":32,"stat.useItem.397":4,"stat.useItem.154":20,"stat.craftItem.265":1986,"stat.craftItem.266":310,"stat.craftItem.1195":0,"stat.mineBlock.451":54,"stat.mineBlock.693":37,"stat.mineBlock.691":8,"stat.mineBlock.450":48,"stat.mineBlock.455":23,"stat.mineBlock.453":111,"stat.mineBlock.454":10,"stat.craftItem.1190":0,"stat.craftItem.258":2,"stat.mineBlock.457":6,"stat.mineBlock.458":78,"stat.useItem.24":9,"stat.craftItem.256":1,"stat.craftItem.257":1,"stat.craftItem.5568":20,"stat.useItem.35":1,"stat.useItem.38":1,"stat.craftItem.287":78,"stat.craftItem.4208":1,"achievement.c20_5":2,"stat.craftItem.4201":71,"stat.craftItem.4446":12,"stat.killEntity.entity_parasite_maggot":8,"stat.craftItem.1172":9,"stat.craftItem.5771":2,"stat.craftItem.280":628,"stat.mobKills":419,"stat.mineBlock.438":28,"stat.useItem.380":1,"stat.craftItem.272":1,"stat.craftItem.274":1,"stat.craftItem.275":1,"stat.useItem.12":3,"stat.craftItem.1183":1,"stat.mineBlock.690":13,"stat.craftItem.270":1,"stat.craftItem.1188":1,"stat.mineBlock.440":151,"stat.mineBlock.441":120,"stat.mineBlock.444":12,"stat.mineBlock.445":6,"stat.mineBlock.448":31,"stat.useItem.18":5,"stat.mineBlock.449":86,"stat.mineBlock.446":4,"stat.mineBlock.447":1,"stat.useItem.13":10,"stat.useItem.392":132,"stat.craftItem.4264":209,"stat.craftItem.4263":2,"stat.craftItem.4260":274,"stat.mineBlock.253":21,"stat.mineBlock.254":49,"stat.mineBlock.251":114,"stat.mineBlock.252":32,"stat.mineBlock.255":105,"stat.killEntity.Blaze":8,"stat.mineBlock.14":54,"stat.mineBlock.13":433,"stat.mineBlock.16":1016,"stat.mineBlock.15":496,"stat.mineBlock.18":1484,"stat.mineBlock.17":652,"stat.mineBlock.12":166,"stat.craftItem.4247":4,"stat.craftItem.4242":2,"stat.mineBlock.472":1,"stat.mineBlock.477":2847,"stat.mineBlock.1083":1,"stat.mineBlock.1088":1,"stat.mineBlock.250":83,"achievement.buildBetterPickaxe":1,"stat.mineBlock.482":1851,"stat.mineBlock.246":66,"stat.useItem.5695":104,"stat.mineBlock.247":52,"stat.mineBlock.244":61,"stat.mineBlock.245":3,"stat.mineBlock.248":46,"stat.useItem.1092":1,"stat.mineBlock.249":54,"stat.craftItem.6001":1,"stat.craftItem.6002":1,"stat.craftItem.6000":1,"stat.mineBlock.1068":45,"achievement.mineWood":620,"stat.mineBlock.1050":109,"stat.mineBlock.1054":27,"stat.useItem.98":288,"stat.playOneMinute":1416483,"achievement.stratum":1,"stat.useItem.634":1,"stat.craftItem.5194":190,"stat.useItem.5641":129,"stat.craftItem.5193":23,"stat.useItem.642":28,"stat.useItem.640":6,"stat.fallOneCm":1386025,"stat.useItem.887":1,"stat.useItem.5635":19,"stat.craftItem.1":1088,"stat.craftItem.843":6,"stat.craftItem.5":1340,"stat.useItem.859":24,"stat.useItem.622":31,"stat.useItem.864":2,"stat.useItem.629":25,"stat.craftItem.622":32,"stat.useItem.1088":2,"stat.useItem.1083":1,"stat.killEntity.LavaSlime":8,"stat.mineBlock.905":12,"stat.craftItem.4915":1,"stat.mineBlock.1218":5,"stat.useItem.600":1,"stat.useItem.843":2,"stat.useItem.5678":1201,"stat.useItem.5676":14188,"stat.useItem.5677":1615,"stat.craftItem.6099":1,"stat.useItem.608":6,"stat.useItem.5670":181,"stat.mineBlock.1203":1,"stat.useItem.1068":139,"stat.useItem.5656":16183,"stat.useItem.1054":53,"stat.useItem.1050":177,"stat.mineBlock.938":1,"stat.craftItem.101":288,"stat.craftItem.331":288,"stat.useItem.486":1,"stat.useItem.244":3,"stat.swimOneCm":112538,"stat.climbOneCm":27350,"stat.craftItem.324":1,"stat.mineBlock.702":8,"stat.craftItem.325":106,"stat.mineBlock.700":5,"stat.mineBlock.942":1,"achievement.exploreAllBiomes":{"value":0,"progress":["Sunflower Plains","Birch Forest","Roofed Forest","Beach","Mega Taiga Hills","Extreme Hills+","River","Ocean","JungleEdge","Taiga","Mega Taiga","Swampland","Birch Forest Hills","Roofed Forest M","Savanna Plateau","ForestHills","Flower Forest","Jungle M","Plains","TaigaHills","DesertHills","Jungle","Forest","Birch Forest Hills M","JungleHills","Desert","Extreme Hills","Savanna","Hell"]},"stat.mineBlock.947":1,"stat.mineBlock.706":9,"stat.craftItem.4708":238,"stat.mineBlock.703":659,"stat.mineBlock.704":738,"stat.mineBlock.918":1,"stat.craftItem.1415":1,"stat.mineBlock.916":3,"stat.useItem.691":1,"stat.craftItem.1417":1,"stat.craftItem.4927":2,"stat.useItem.451":1,"stat.craftItem.364":207,"stat.craftItem.1411":7,"stat.craftItem.1414":12,"stat.mineBlock.910":2,"stat.craftItem.355":1,"stat.useItem.1415":1,"stat.useItem.1417":1,"stat.useItem.1411":7,"stat.mineBlock.921":2,"stat.craftItem.109":64,"stat.craftItem.4506":4,"stat.craftItem.4509":1262,"stat.craftItem.4508":95,"stat.craftItem.4505":1647,"stat.craftItem.4988":1,"stat.craftItem.4501":80,"stat.craftItem.4985":0,"stat.craftItem.4984":5,"petAchieve1":7,"stat.mineBlock.730":3,"stat.mineBlock.731":13,"stat.mineBlock.734":91,"stat.mineBlock.977":6,"stat.mineBlock.738":85,"stat.mineBlock.739":8,"stat.mineBlock.736":2,"stat.useItem.440":151,"stat.craftItem.4515":186,"stat.useItem.449":1,"stat.craftItem.4512":93,"stat.craftItem.4990":1,"stat.useItem.4988":8,"stat.mineBlock.982":1,"stat.craftItem.524":1,"stat.craftItem.525":29,"stat.useItem.690":2,"stat.craftItem.1214":2,"stat.craftItem.320":82,"stat.useItem.653":2,"stat.useItem.654":3,"stat.craftItem.1218":2,"stat.useItem.411":2,"stat.useItem.652":498,"stat.useItem.655":1,"stat.mineBlock.951":4,"stat.mineBlock.712":3,"stat.mineBlock.711":1,"stat.useItem.660":1,"stat.drop":575,"stat.useItem.1218":6,"stat.killEntity.Sheep":5,"stat.mineBlock.965":1,"stat.mineBlock.726":11,"stat.craftItem.5635":1,"stat.craftItem.4548":162,"stat.killEntity.Slime":22,"stat.mineBlock.772":146,"stat.mineBlock.773":37,"stat.mineBlock.82":136,"stat.mineBlock.777":2,"stat.mineBlock.87":1307,"stat.mineBlock.538":2,"stat.mineBlock.89":13,"stat.craftItem.4315":48,"stat.craftItem.4797":1,"stat.craftItem.5641":1,"stat.mineBlock.781":3,"stat.mineBlock.782":9,"stat.mineBlock.786":1,"stat.mineBlock.783":28,"stat.mineBlock.788":2,"stat.mineBlock.98":696,"stat.mineBlock.67":3,"stat.killEntity.CaveSpider":2,"stat.craftItem.4536":9,"stat.craftItem.5863":2,"stat.craftItem.5862":1,"stat.craftItem.5864":1,"stat.damageDealt":184052,"stat.killEntity.Cow":120,"stat.mineBlock.765":11,"stat.killEntity.Pig":96,"stat.mineBlock.766":50,"stat.mineBlock.73":206,"stat.useItem.274":31,"stat.mineBlock.46":9,"stat.useItem.275":79,"stat.walkOneCm":7807397,"stat.playerKills":1,"stat.craftItem.381":4,"stat.craftItem.5670":1,"stat.mineBlock.42":2,"stat.mineBlock.45":52,"stat.mineBlock.58":8,"stat.craftItem.377":8,"stat.craftItem.4356":174,"stat.craftItem.4355":36,"stat.craftItem.4594":528,"stat.craftItem.4351":128,"stat.craftItem.4350":54,"stat.mineBlock.103":1,"stat.mineBlock.101":26,"stat.mineBlock.102":4,"stat.mineBlock.50":8,"stat.mineBlock.106":81,"stat.mineBlock.54":19,"stat.mineBlock.53":10,"stat.mineBlock.56":37,"stat.mineBlock.109":17,"stat.mineBlock.24":288,"stat.killEntity.Skeleton":32,"stat.useItem.256":173,"stat.useItem.258":18,"stat.useItem.257":19,"stat.craftItem.4328":45,"stat.craftItem.4323":36,"stat.craftItem.1054":256,"stat.useItem.259":2,"stat.craftItem.5656":1,"stat.killEntity.Chicken":5,"stat.craftItem.4321":32,"stat.craftItem.5651":1,"stat.killEntity.Spider":2,"stat.mineBlock.791":5,"stat.mineBlock.21":18,"stat.craftItem.393":325,"stat.mineBlock.35":1,"stat.craftItem.152":74,"stat.mineBlock.38":1,"stat.mineBlock.37":64,"stat.craftItem.154":3,"stat.mineBlock.39":1,"stat.craftItem.1068":128,"stat.mineBlock.30":28,"stat.useItem.270":4,"stat.mineBlock.31":437,"stat.useItem.272":200}