{"stat.leaveGame":22,"stat.mineBlock.253":34,"stat.craftItem.4260":16,"stat.mineBlock.254":51,"stat.mineBlock.251":309,"stat.mineBlock.252":137,"stat.craftItem.5471":1,"stat.mineBlock.255":232,"achievement.radDeath":2,"stat.mineBlock.14":54,"stat.mineBlock.13":557,"stat.mineBlock.16":1473,"stat.mineBlock.15":373,"stat.mineBlock.18":6767,"stat.killEntity.PigZombie":1,"stat.mineBlock.17":767,"stat.useItem.921":1,"stat.craftItem.6333":8,"stat.craftItem.6332":54,"stat.mineBlock.12":464,"stat.craftItem.5459":1,"stat.entityKilledBy.Spider":1,"stat.craftItem.4242":31,"stat.craftItem.4244":2,"stat.craftItem.4243":12,"stat.craftItem.5211":1,"stat.mineBlock.472":1,"stat.mineBlock.477":11,"stat.killEntity.Witch":3,"stat.craftItem.5104":1,"stat.craftItem.5103":1,"stat.craftItem.4258":6,"stat.mineBlock.250":198,"stat.craftItem.5102":12,"stat.mineBlock.482":4850,"stat.mineBlock.246":135,"stat.mineBlock.247":142,"stat.mineBlock.244":91,"stat.mineBlock.129":5,"stat.mineBlock.248":176,"stat.mineBlock.249":101,"stat.mineBlock.174":30,"stat.craftItem.4181":3,"stat.craftItem.4180":44,"stat.craftItem.4194":9,"achievement.mineWood":646,"stat.mineBlock.1054":31,"achievement.openInventory":966,"stat.craftItem.5498":96,"stat.craftItem.6100":1,"stat.useItem.98":771,"stat.deaths":62,"stat.playOneMinute":1095338,"stat.craftItem.4176":56,"stat.craftItem.4175":46,"stat.craftItem.4177":7,"stat.mineBlock.165":35,"stat.mineBlock.166":4,"achievement.stratum":1,"stat.useItem.631":4,"stat.craftItem.972":1,"stat.fallOneCm":428395,"stat.craftItem.967":1,"stat.craftItem.968":1,"achievement.radPoison":8292,"stat.killEntity.entity_mob_volatile_creeper":1,"stat.craftItem.632":4,"stat.craftItem.878":14,"stat.craftItem.873":16,"stat.mineBlock.1350":5,"stat.mineBlock.1351":1,"stat.mineBlock.1345":14,"stat.useItem.5678":2633,"stat.craftItem.6099":1,"stat.useItem.608":3,"stat.useItem.5661":4313,"stat.useItem.5662":222,"stat.useItem.5660":101,"stat.useItem.4":876,"stat.useItem.5":17,"stat.useItem.5656":13067,"stat.useItem.3":751,"stat.useItem.1054":145,"stat.craftItem.702":7,"stat.craftItem.101":16,"stat.useItem.482":4,"stat.swimOneCm":36173,"stat.climbOneCm":8644,"achievement.ae2.ChargedQuartz":4,"stat.mineBlock.702":1,"achievement.exploreAllBiomes":{"value":0,"progress":["Savanna Plateau","DesertHills","Birch Forest","Extreme Hills+","Roofed Forest","Flower Forest","River","Plains","Desert","Extreme Hills","Savanna"]},"stat.craftItem.4708":389,"stat.mineBlock.703":96,"stat.mineBlock.704":13,"stat.mineBlock.4":218,"achievement.slimeball":1,"stat.mineBlock.3":1625,"stat.mineBlock.1":6071,"stat.mineBlock.910":1,"stat.flyOneCm":1716406,"achievement.freytag":1,"stat.useItem.109":65,"stat.craftItem.98":512,"stat.mineBlock.921":1,"stat.craftItem.109":88,"stat.craftItem.5717":1,"stat.killEntity.Bat":1,"stat.craftItem.4629":1,"stat.craftItem.4623":8,"stat.craftItem.5712":1,"stat.craftItem.5714":1,"stat.craftItem.5950":1,"stat.craftItem.5711":1,"stat.craftItem.5710":1,"petAchieve1":7,"stat.mineBlock.730":1,"stat.killEntity.Creeper":18,"stat.mineBlock.978":1,"stat.craftItem.5969":1,"stat.craftItem.5966":1,"stat.craftItem.5968":1,"stat.craftItem.5967":1,"stat.useItem.5717":130,"stat.useItem.5715":2,"stat.craftItem.35":1,"stat.craftItem.1122":2,"stat.useItem.5712":1,"stat.entityKilledBy.Creeper":1,"stat.craftItem.5948":1,"stat.craftItem.4617":16,"stat.craftItem.5705":1,"stat.craftItem.5947":1,"stat.craftItem.5949":1,"stat.craftItem.4734":1,"stat.craftItem.4613":64,"stat.drop":379,"stat.craftItem.4612":72,"stat.craftItem.4733":2,"stat.craftItem.4735":1,"stat.craftItem.4614":3,"stat.craftItem.50":144,"stat.craftItem.4732":2,"stat.craftItem.4731":5,"stat.killEntity.Zombie":68,"stat.diveOneCm":127054,"stat.craftItem.1159":3,"stat.craftItem.5998":1,"stat.craftItem.5517":48,"stat.craftItem.4785":18,"stat.craftItem.5995":1,"stat.craftItem.5994":1,"stat.craftItem.5997":1,"stat.craftItem.5996":1,"stat.craftItem.5991":1,"stat.craftItem.5990":1,"stat.craftItem.5993":1,"stat.craftItem.5992":1,"stat.killEntity.Slime":2,"stat.mineBlock.411":6,"stat.mineBlock.412":463,"stat.mineBlock.772":3,"stat.mineBlock.82":60,"stat.mineBlock.413":7,"stat.jump":4621,"stat.craftItem.1042":4,"stat.craftItem.5761":1,"stat.mineBlock.782":2,"stat.craftItem.1160":1,"stat.mineBlock.783":1,"stat.mineBlock.427":81,"stat.mineBlock.788":1,"stat.mineBlock.98":255,"stat.mineBlock.97":2,"stat.mineBlock.428":30,"stat.mineBlock.429":13,"stat.craftItem.4529":135,"stat.damageTaken":121803,"stat.mineBlock.631":6,"stat.mineBlock.67":44,"stat.mineBlock.66":2,"stat.useItem.50":169,"stat.craftItem.5506":220,"stat.craftItem.5505":36,"stat.craftItem.4658":4,"stat.craftItem.4652":1,"stat.entityKilledBy.Zombie":1,"stat.damageDealt":149080,"stat.killEntity.Silverfish":4,"stat.killEntity.Cow":7,"stat.mineBlock.765":1,"stat.mineBlock.73":148,"stat.mineBlock.78":66,"stat.mineBlock.49":43,"stat.useItem.397":1,"stat.mineBlock.48":39,"stat.walkOneCm":4083835,"stat.craftItem.265":59,"stat.playerKills":22,"stat.craftItem.4464":1,"stat.mineBlock.451":154,"stat.mineBlock.450":75,"stat.mineBlock.455":31,"stat.mineBlock.453":280,"stat.mineBlock.454":49,"stat.mineBlock.457":37,"stat.mineBlock.458":156,"stat.craftItem.4477":13,"stat.craftItem.5447":1,"stat.craftItem.5446":1,"stat.mineBlock.50":15,"stat.mineBlock.54":3,"stat.mineBlock.56":18,"stat.mineBlock.109":9,"stat.killEntity.Skeleton":33,"stat.craftItem.4568":7,"stat.craftItem.4565":46,"stat.craftItem.4567":26,"stat.craftItem.4561":10,"stat.killEntity.Chicken":2,"stat.craftItem.280":4,"stat.killEntity.Spider":16,"stat.mobKills":157,"stat.mineBlock.436":60,"stat.mineBlock.21":21,"stat.craftItem.393":128,"stat.craftItem.5426":1,"stat.mineBlock.39":1,"stat.useItem.269":105,"stat.craftItem.269":1,"stat.mineBlock.448":5,"stat.mineBlock.449":179,"stat.mineBlock.30":3,"stat.mineBlock.31":39}