{"stat.killEntity.EntityHorse":1,"stat.leaveGame":27,"stat.mineBlock.253":10,"stat.craftItem.4260":102,"stat.mineBlock.254":21,"stat.mineBlock.251":83,"stat.mineBlock.252":25,"stat.mineBlock.255":25,"stat.killEntity.Blaze":1,"achievement.radDeath":5,"stat.mineBlock.14":23,"stat.mineBlock.13":245,"stat.mineBlock.16":1397,"stat.mineBlock.15":517,"stat.mineBlock.18":160,"stat.mineBlock.17":9,"stat.craftItem.6332":45,"stat.mineBlock.12":1173,"stat.mineBlock.481":6,"stat.craftItem.5695":1,"stat.mineBlock.477":88,"stat.mineBlock.478":1,"stat.mineBlock.112":48,"stat.killEntity.Enderman":3,"stat.killEntity.entity_glyphid":74,"stat.killEntity.Witch":3,"stat.mineBlock.250":38,"stat.mineBlock.246":34,"stat.mineBlock.247":27,"stat.useItem.5695":2,"stat.mineBlock.244":41,"stat.mineBlock.129":2,"stat.mineBlock.248":34,"stat.mineBlock.249":35,"stat.craftItem.5034":2,"stat.craftItem.5033":2,"stat.mineBlock.181":1253,"stat.mineBlock.174":161,"stat.mineBlock.175":2,"stat.mineBlock.1068":4,"stat.craftItem.4197":15,"stat.craftItem.4195":8,"achievement.mineWood":12,"stat.useItem.87":15,"achievement.openInventory":1419,"stat.mineBlock.162":4,"stat.craftItem.6101":1,"stat.mineBlock.153":36,"stat.useItem.98":1086,"stat.deaths":25,"stat.playOneMinute":1388358,"stat.craftItem.4179":131,"stat.craftItem.4178":192,"stat.mineBlock.165":32,"stat.mineBlock.166":2,"stat.craftItem.4174":35,"stat.fishCaught":3,"stat.craftItem.982":1,"stat.mineBlock.1142":1,"stat.mineBlock.1138":6,"stat.useItem.642":28,"stat.useItem.640":1,"stat.fallOneCm":1608886,"stat.useItem.647":1,"stat.useItem.765":3,"stat.useItem.5638":1,"stat.useItem.644":1,"stat.useItem.5636":1,"stat.useItem.5631":1,"stat.craftItem.1":800,"achievement.radPoison":56647,"stat.useItem.730":2,"stat.craftItem.5":328,"stat.craftItem.5056":20,"stat.useItem.739":2,"stat.craftItem.5058":33,"stat.useItem.982":1,"stat.useItem.865":1,"stat.useItem.629":1,"stat.mineBlock.1351":14,"stat.mineBlock.1345":1,"stat.breakItem.5656":1,"stat.craftItem.4911":2,"stat.useItem.600":1,"stat.useItem.601":2,"stat.useItem.5678":2306,"stat.useItem.5676":10954,"stat.useItem.5677":72,"stat.useItem.608":3,"stat.useItem.5670":9,"stat.useItem.1068":4,"stat.useItem.5661":3867,"stat.useItem.5660":309,"stat.useItem.1185":1,"stat.useItem.6":3,"stat.useItem.702":1,"stat.useItem.4":488,"stat.useItem.5":20,"stat.useItem.5656":3026,"stat.useItem.3":60,"stat.useItem.949":2,"stat.useItem.351":6,"stat.craftItem.340":63,"stat.useItem.112":8,"stat.useItem.477":2,"stat.horseOneCm":2972,"stat.craftItem.61":1,"stat.mineBlock.949":1,"stat.swimOneCm":221248,"stat.climbOneCm":19411,"achievement.buildWorkBench":6,"stat.mineBlock.702":1,"stat.craftItem.325":2,"achievement.exploreAllBiomes":{"value":0,"progress":["Sunflower Plains","Birch Forest","Roofed Forest","Extreme Hills M","Beach","Mega Taiga Hills","Extreme Hills+","River","Ocean","JungleEdge","Taiga","Mega Taiga","Swampland","Birch Forest Hills","Savanna Plateau","Roofed Forest M","ForestHills","Flower Forest","Jungle M","Plains","TaigaHills","DesertHills","Jungle","Forest","Birch Forest Hills M","JungleHills","Desert","Extreme Hills","Hell","Savanna"]},"stat.craftItem.4708":30,"stat.mineBlock.706":1,"stat.mineBlock.703":65,"stat.mineBlock.704":64,"stat.useItem.331":2,"stat.craftItem.364":14,"stat.mineBlock.4":38,"stat.mineBlock.3":745,"stat.mineBlock.1":16954,"stat.flyOneCm":5271135,"stat.craftItem.351":6,"stat.craftItem.353":15,"achievement.freytag":1,"stat.craftItem.4933":1,"stat.useItem.109":6,"stat.craftItem.98":800,"stat.craftItem.346":1,"stat.useItem.790":1,"stat.craftItem.5955":1,"stat.craftItem.4502":8,"stat.craftItem.5956":1,"stat.craftItem.4625":7,"stat.killEntity.entity_fucc_a_ducc":1,"petAchieve1":10,"stat.mineBlock.734":159,"stat.killEntity.Creeper":12,"stat.mineBlock.738":60,"stat.mineBlock.978":1,"stat.craftItem.4757":10,"stat.craftItem.4751":20,"stat.entityKilledBy.Skeleton":1,"achievement.buildSword":3,"stat.mineBlock.629":1,"stat.craftItem.47":15,"stat.craftItem.320":13,"stat.craftItem.564":1,"stat.useItem.652":36,"stat.useItem.411":1,"stat.craftItem.4721":4,"stat.useItem.655":1,"achievement.killEnemy":62,"stat.craftItem.58":3,"stat.mineBlock.608":1,"stat.craftItem.4619":8,"stat.craftItem.4618":16,"stat.drop":234,"stat.craftItem.4733":2,"stat.craftItem.4612":192,"stat.craftItem.4735":1,"stat.craftItem.50":56,"stat.craftItem.4731":4,"stat.killEntity.Sheep":7,"stat.killEntity.Zombie":39,"stat.mineBlock.600":138,"stat.mineBlock.601":1,"stat.mineBlock.606":1,"stat.diveOneCm":110717,"stat.mineBlock.726":5,"stat.useItem.61":1,"stat.craftItem.4304":16,"stat.craftItem.4664":14,"stat.craftItem.5631":1,"stat.mineBlock.411":1,"stat.mineBlock.412":214,"stat.mineBlock.772":82,"stat.mineBlock.651":6,"stat.mineBlock.652":57,"stat.mineBlock.894":2,"stat.mineBlock.773":1,"stat.mineBlock.82":207,"stat.mineBlock.413":7,"stat.mineBlock.87":40,"stat.mineBlock.538":6,"stat.jump":24129,"stat.craftItem.5528":14,"stat.craftItem.4317":16,"stat.entityKilledBy.CaveSpider":1,"stat.mineBlock.782":17,"stat.mineBlock.783":32,"stat.breakItem.6382":1,"stat.mineBlock.784":5,"stat.mineBlock.427":53,"stat.mineBlock.98":65,"stat.useItem.79":2,"stat.mineBlock.428":3,"stat.mineBlock.429":4,"stat.useItem.175":5,"stat.useItem.45":4,"stat.craftItem.5979":1,"stat.craftItem.5978":1,"stat.damageTaken":142588,"stat.useItem.6158":2,"stat.useItem.6159":1,"stat.mineBlock.631":83,"stat.mineBlock.632":3,"stat.useItem.47":15,"stat.killEntity.CaveSpider":5,"stat.mineBlock.79":6,"stat.craftItem.4536":4,"stat.useItem.50":77,"stat.craftItem.4414":4,"stat.craftItem.5984":1,"stat.entityKilledBy.Zombie":2,"stat.craftItem.5862":2,"stat.craftItem.5983":1,"stat.craftItem.4413":1,"stat.craftItem.5985":1,"stat.craftItem.5861":2,"stat.craftItem.5982":1,"stat.damageDealt":148041,"stat.killEntity.Cow":58,"stat.useItem.6383":4289,"stat.mineBlock.647":2,"stat.mineBlock.765":13,"stat.mineBlock.644":1,"stat.mineBlock.766":32,"stat.mineBlock.73":12,"stat.useItem.6382":753,"stat.killEntity.Pig":15,"stat.useItem.58":2,"stat.useItem.397":4,"stat.walkOneCm":6066478,"stat.craftItem.265":29,"stat.craftItem.5438":1,"stat.craftItem.266":14,"stat.playerKills":41,"stat.craftItem.5670":1,"stat.mineBlock.692":1,"stat.useItem.24":43,"stat.mineBlock.42":2,"stat.mineBlock.45":31,"stat.useItem.31":8,"stat.craftItem.4477":2,"stat.craftItem.5446":1,"stat.craftItem.4594":112,"stat.mineBlock.102":9,"stat.mineBlock.50":8,"stat.mineBlock.106":1,"stat.mineBlock.56":6,"stat.useItem.37":4,"stat.mineBlock.109":3,"stat.useItem.38":6,"stat.useItem.252":1,"stat.mineBlock.24":71,"stat.killEntity.Skeleton":23,"stat.craftItem.4207":6,"stat.craftItem.4565":2,"stat.useItem.259":6,"achievement.c20_5":4,"stat.killEntity.entity_parasite_maggot":15,"stat.killEntity.Chicken":1,"stat.craftItem.280":48,"stat.craftItem.4442":45,"stat.craftItem.4320":4,"stat.killEntity.Spider":17,"stat.mineBlock.790":1,"stat.mobKills":277,"stat.mineBlock.436":177,"stat.mineBlock.21":6,"stat.mineBlock.439":1,"stat.craftItem.393":130,"stat.mineBlock.38":2,"stat.useItem.12":7,"stat.mineBlock.37":3,"stat.craftItem.5423":1,"stat.craftItem.4576":4,"stat.craftItem.1185":1,"stat.killEntity.entity_pigeon":1,"stat.useItem.13":3,"stat.mineBlock.31":112,"stat.useItem.390":1,"stat.useItem.392":396}