{"stat.flyOneCm":211705,"stat.killEntity.entity_glyphid_brawler":4,"stat.walkOneCm":20253,"stat.jump":30,"stat.swimOneCm":3165,"stat.playOneMinute":9004,"stat.fallOneCm":32145,"achievement.openInventory":8,"stat.damageTaken":60,"stat.damageDealt":14188,"stat.useItem.5631":7,"stat.killEntity.Zombie":1,"stat.mineBlock.1":3,"stat.useItem.5695":24,"stat.killEntity.entity_glyphid_blaster":2,"stat.mobKills":11,"stat.killEntity.entity_glyphid":4,"achievement.exploreAllBiomes":{"value":0,"progress":["Outer Crater","Birch Forest","Roofed Forest","River","Plains","Desert","Extreme Hills"]},"stat.mineBlock.32":1,"stat.diveOneCm":886}