{"stat.mineBlock.49":17,"stat.mineBlock.1345":3,"stat.walkOneCm":329563,"stat.leaveGame":7,"stat.mineBlock.253":20,"stat.mineBlock.254":30,"petAchieve1":1,"stat.mineBlock.174":3,"stat.mineBlock.251":62,"stat.mineBlock.252":39,"stat.mineBlock.255":72,"stat.killEntity.Creeper":3,"stat.mineBlock.1068":9,"stat.mineBlock.14":31,"stat.mineBlock.16":186,"stat.breakItem.5656":1,"stat.mineBlock.15":116,"stat.jump":790,"stat.swimOneCm":1348,"stat.fallOneCm":36171,"stat.climbOneCm":1152,"stat.useItem.968":1,"stat.mineBlock.782":7,"stat.useItem.5631":8633,"stat.mineBlock.785":2,"stat.useItem.5670":19,"stat.mineBlock.783":3,"stat.mineBlock.427":41,"achievement.exploreAllBiomes":{"value":0,"progress":["Birch Forest","Extreme Hills+","River","Desert","Extreme Hills"]},"stat.mineBlock.428":23,"stat.mineBlock.56":13,"stat.mineBlock.1054":2,"stat.mineBlock.429":4,"stat.killEntity.Skeleton":1,"achievement.openInventory":52,"stat.mineBlock.481":8,"stat.damageTaken":7205,"stat.mineBlock.4":15,"stat.killEntity.Spider":1,"stat.mineBlock.477":36,"stat.mineBlock.1":10464,"stat.mobKills":7,"stat.mineBlock.21":10,"stat.flyOneCm":76564,"stat.deaths":2,"stat.drop":141,"stat.playOneMinute":57975,"stat.useItem.4":49,"stat.mineBlock.250":70,"stat.useItem.5656":3026,"stat.mineBlock.165":3,"stat.damageDealt":7393,"stat.killEntity.Zombie":2,"stat.mineBlock.246":54,"stat.mineBlock.247":59,"stat.mineBlock.244":42,"stat.mineBlock.129":6,"stat.mineBlock.248":37,"stat.mineBlock.73":129,"stat.mineBlock.249":56,"stat.diveOneCm":3368,"stat.mineBlock.1351":1}