{"stat.killEntity.EntityHorse":1,"stat.useItem.477":1,"stat.leaveGame":17,"stat.mineBlock.253":53,"stat.mineBlock.254":52,"stat.mineBlock.251":215,"stat.mineBlock.252":94,"stat.mineBlock.255":191,"achievement.radDeath":1,"stat.mineBlock.14":85,"stat.mineBlock.13":65,"stat.mineBlock.16":452,"stat.mineBlock.15":285,"stat.mineBlock.18":52,"stat.mineBlock.17":4,"stat.swimOneCm":7106,"stat.useItem.247":13,"stat.useItem.126":40,"stat.climbOneCm":14453,"stat.craftItem.6332":450,"stat.craftItem.325":1,"achievement.exploreAllBiomes":{"value":0,"progress":["Outer Crater","DesertHills","Birch Forest","Extreme Hills+","Roofed Forest","River","Desert","Extreme Hills"]},"stat.mineBlock.12":6244,"stat.mineBlock.481":8,"stat.mineBlock.4":28,"stat.mineBlock.472":1,"stat.mineBlock.3":22,"stat.mineBlock.477":3556,"stat.mineBlock.1":22171,"stat.killEntity.Enderman":2,"stat.flyOneCm":885258,"stat.useItem.102":19,"stat.killEntity.Witch":3,"stat.mineBlock.250":174,"stat.useItem.109":12,"stat.mineBlock.246":136,"stat.mineBlock.247":152,"stat.mineBlock.126":29,"stat.mineBlock.244":134,"stat.mineBlock.129":7,"stat.mineBlock.801":3,"stat.mineBlock.248":150,"stat.mineBlock.249":113,"stat.craftItem.4624":10,"stat.useItem.6017":6,"petAchieve1":4,"stat.mineBlock.174":3,"stat.killEntity.Creeper":12,"stat.mineBlock.1188":2,"stat.mineBlock.1068":9,"stat.useItem.323":2,"achievement.mineWood":4,"stat.mineBlock.1054":2,"achievement.openInventory":336,"stat.mineBlock.154":1,"stat.useItem.98":4,"stat.deaths":6,"stat.drop":435,"stat.craftItem.4615":16,"stat.craftItem.4614":37,"stat.playOneMinute":295129,"stat.craftItem.53":4,"stat.mineBlock.165":15,"stat.mineBlock.164":4,"stat.killEntity.Zombie":27,"achievement.redRoom":1,"stat.diveOneCm":6672,"stat.mineBlock.413":2,"stat.jump":4240,"stat.fallOneCm":195820,"stat.mineBlock.782":7,"stat.useItem.5631":25726,"stat.mineBlock.785":2,"stat.mineBlock.783":3,"stat.mineBlock.427":119,"stat.mineBlock.98":4,"stat.mineBlock.428":33,"stat.mineBlock.429":24,"achievement.radPoison":1253,"stat.craftItem.5":16,"stat.useItem.5623":29,"stat.damageTaken":36118,"stat.useItem.53":13,"stat.useItem.54":2,"stat.craftItem.5623":1,"stat.damageDealt":114950,"stat.mineBlock.73":317,"stat.mineBlock.1351":1,"stat.mineBlock.49":17,"stat.mineBlock.1345":4,"stat.useItem.154":1,"stat.walkOneCm":1444260,"stat.craftItem.265":18,"stat.useItem.164":8,"stat.breakItem.5656":1,"stat.useItem.968":1,"stat.useItem.608":2,"stat.useItem.5673":6319,"stat.useItem.5670":64,"stat.mineBlock.102":11,"stat.mineBlock.50":2,"stat.craftItem.126":18,"stat.mineBlock.54":2,"stat.mineBlock.53":9,"stat.mineBlock.56":29,"stat.mineBlock.24":12,"stat.killEntity.Skeleton":20,"stat.craftItem.164":4,"stat.useItem.258":41,"stat.killEntity.Spider":6,"stat.useItem.1188":5,"stat.mobKills":102,"stat.mineBlock.21":25,"stat.useItem.12":7,"stat.useItem.4":191,"stat.useItem.5656":3026,"stat.useItem.3":4}