{"stat.mineBlock.49":17,"stat.mineBlock.1345":3,"stat.walkOneCm":401279,"stat.leaveGame":8,"stat.mineBlock.253":25,"stat.mineBlock.254":30,"petAchieve1":2,"stat.mineBlock.174":3,"stat.mineBlock.251":64,"stat.mineBlock.252":43,"stat.mineBlock.255":74,"stat.killEntity.Creeper":5,"stat.mineBlock.1068":9,"stat.mineBlock.14":41,"stat.mineBlock.16":195,"stat.breakItem.5656":1,"stat.mineBlock.15":145,"stat.jump":1125,"stat.swimOneCm":2352,"stat.fallOneCm":53827,"stat.climbOneCm":1152,"stat.useItem.968":1,"stat.mineBlock.782":7,"stat.useItem.5631":10375,"stat.mineBlock.785":2,"stat.useItem.5670":34,"stat.mineBlock.783":3,"stat.mineBlock.427":44,"achievement.exploreAllBiomes":{"value":0,"progress":["Birch Forest","Extreme Hills+","River","Desert","Extreme Hills"]},"stat.mineBlock.428":25,"stat.mineBlock.56":13,"stat.mineBlock.1054":2,"stat.mineBlock.429":4,"stat.killEntity.Skeleton":3,"achievement.openInventory":66,"stat.mineBlock.481":8,"stat.damageTaken":10195,"stat.mineBlock.4":15,"stat.killEntity.Spider":2,"stat.mineBlock.477":52,"stat.mineBlock.1":12063,"stat.mobKills":23,"stat.mineBlock.21":10,"stat.flyOneCm":129214,"stat.deaths":3,"stat.drop":261,"stat.playOneMinute":75061,"stat.killEntity.Witch":2,"stat.useItem.4":55,"stat.mineBlock.250":76,"stat.useItem.5656":3026,"stat.mineBlock.165":3,"stat.damageDealt":15742,"stat.killEntity.Zombie":9,"stat.mineBlock.246":66,"stat.mineBlock.247":62,"stat.mineBlock.244":50,"stat.mineBlock.129":7,"stat.mineBlock.248":49,"stat.mineBlock.73":133,"stat.mineBlock.249":60,"stat.diveOneCm":4475,"stat.mineBlock.1351":1}