{"stat.mineBlock.1345":2,"stat.walkOneCm":270241,"stat.leaveGame":7,"stat.mineBlock.253":4,"stat.mineBlock.254":13,"stat.mineBlock.174":3,"stat.mineBlock.251":22,"stat.mineBlock.252":7,"stat.mineBlock.255":14,"stat.killEntity.Creeper":1,"stat.mineBlock.16":87,"stat.breakItem.5656":1,"stat.mineBlock.15":40,"stat.jump":559,"stat.swimOneCm":524,"stat.fallOneCm":29937,"stat.climbOneCm":1152,"stat.useItem.968":1,"stat.mineBlock.782":7,"stat.mineBlock.785":2,"stat.useItem.5670":16,"stat.mineBlock.783":3,"stat.mineBlock.427":8,"achievement.exploreAllBiomes":{"value":0,"progress":["Birch Forest","River","Desert","Extreme Hills"]},"stat.mineBlock.428":3,"stat.killEntity.Skeleton":1,"achievement.openInventory":35,"stat.mineBlock.481":8,"stat.damageTaken":7105,"stat.mineBlock.4":15,"stat.mineBlock.477":1,"stat.mineBlock.1":2691,"stat.mobKills":4,"stat.flyOneCm":62954,"stat.deaths":2,"stat.drop":20,"stat.playOneMinute":44562,"stat.useItem.4":39,"stat.mineBlock.250":7,"stat.useItem.5656":3026,"stat.mineBlock.165":3,"stat.damageDealt":6105,"stat.killEntity.Zombie":2,"stat.mineBlock.246":11,"stat.mineBlock.247":19,"stat.mineBlock.244":16,"stat.mineBlock.248":6,"stat.mineBlock.73":34,"stat.mineBlock.249":14,"stat.diveOneCm":1428}