{"stat.leaveGame":10,"stat.mineBlock.253":16,"stat.mineBlock.254":7,"stat.mineBlock.251":95,"stat.useItem.916":1,"stat.mineBlock.252":31,"stat.mineBlock.255":40,"stat.craftItem.336":34,"stat.mineBlock.139":11,"stat.mineBlock.14":7,"stat.mineBlock.13":345,"stat.mineBlock.16":328,"stat.mineBlock.15":87,"stat.mineBlock.18":77,"stat.mineBlock.17":3,"stat.swimOneCm":37929,"stat.climbOneCm":1268,"stat.craftItem.6332":126,"achievement.ae2.ChargedQuartz":2,"achievement.exploreAllBiomes":{"value":0,"progress":["DesertHills","Birch Forest","Roofed Forest","Extreme Hills+","River","Birch Forest Hills M","Desert","Taiga","Extreme Hills","Hell"]},"stat.craftItem.4708":7,"stat.mineBlock.12":681,"stat.craftItem.364":17,"stat.craftItem.366":1,"stat.craftItem.6300":1,"stat.mineBlock.4":97,"stat.craftItem.916":1,"stat.mineBlock.3":91,"stat.mineBlock.477":30,"stat.mineBlock.1":1793,"stat.killEntity.Enderman":1,"stat.flyOneCm":489838,"stat.craftItem.4932":1,"stat.useItem.102":33,"stat.mineBlock.250":44,"stat.craftItem.98":908,"stat.mineBlock.246":43,"stat.useItem.5695":69,"stat.mineBlock.247":55,"stat.mineBlock.244":57,"stat.mineBlock.248":21,"stat.mineBlock.249":34,"stat.craftItem.4624":14,"stat.craftItem.5954":1,"stat.craftItem.4625":7,"stat.craftItem.5951":1,"stat.craftItem.20":328,"stat.craftItem.5953":1,"stat.craftItem.5952":1,"stat.killEntity.entity_fucc_a_ducc":1,"stat.craftItem.6001":1,"stat.craftItem.6002":1,"petAchieve1":12,"stat.craftItem.6000":1,"stat.craftItem.5032":2,"stat.craftItem.4185":64,"stat.mineBlock.174":2,"stat.mineBlock.731":4,"stat.killEntity.Creeper":4,"stat.craftItem.4750":7,"stat.craftItem.4194":5,"achievement.mineWood":4,"stat.killEntity.Squid":2,"achievement.openInventory":507,"stat.craftItem.42":1,"stat.mineBlock.1040":1,"stat.useItem.98":1144,"stat.craftItem.4619":22,"stat.deaths":51,"stat.craftItem.4618":60,"stat.drop":114,"stat.craftItem.4614":54,"stat.playOneMinute":560689,"stat.craftItem.4732":1,"stat.craftItem.50":320,"stat.killEntity.Sheep":5,"stat.craftItem.4731":1,"stat.mineBlock.165":7,"stat.mineBlock.166":2,"stat.craftItem.4174":4,"stat.killEntity.Zombie":26,"stat.diveOneCm":35711,"stat.craftItem.5999":1,"stat.craftItem.4304":3,"stat.useItem.5645":8,"stat.useItem.5640":7,"stat.mineBlock.412":56,"stat.useItem.1040":1,"stat.mineBlock.82":20,"stat.mineBlock.413":3,"stat.mineBlock.87":4,"stat.jump":5016,"stat.fallOneCm":259453,"stat.useItem.765":1,"stat.craftItem.5645":1,"stat.craftItem.5761":1,"stat.useItem.5635":72,"stat.useItem.5633":695,"stat.mineBlock.427":24,"stat.mineBlock.788":5,"stat.mineBlock.98":137,"stat.mineBlock.428":2,"stat.mineBlock.429":6,"achievement.radPoison":3545,"stat.damageTaken":109601,"stat.useItem.49":1,"stat.useItem.50":315,"stat.damageDealt":13090,"stat.useItem.6383":87,"stat.killEntity.Cow":5,"stat.mineBlock.765":1,"stat.mineBlock.73":18,"stat.mineBlock.766":3,"stat.mineBlock.1351":1,"stat.useItem.20":441,"stat.mineBlock.49":24,"stat.mineBlock.1345":1,"stat.walkOneCm":3138736,"stat.craftItem.265":165,"stat.craftItem.266":14,"stat.playerKills":19,"stat.craftItem.139":120,"stat.craftItem.4911":1,"stat.useItem.6407":455,"stat.mineBlock.102":5,"stat.mineBlock.50":19,"stat.mineBlock.109":35,"stat.useItem.252":1,"stat.killEntity.Skeleton":12,"stat.craftItem.4565":1,"stat.useItem.139":113,"stat.craftItem.280":4,"stat.killEntity.Spider":8,"stat.useItem.5661":3157,"stat.useItem.5662":3,"stat.mobKills":67,"stat.mineBlock.21":8,"stat.mineBlock.20":42,"stat.useItem.1":617,"stat.useItem.4":472,"stat.useItem.3":42,"stat.craftItem.5420":1,"stat.useItem.13":312,"stat.mineBlock.31":12,"stat.craftItem.704":5}