{"stat.leaveGame":5,"stat.mineBlock.253":16,"stat.mineBlock.254":7,"stat.mineBlock.251":95,"stat.useItem.916":1,"stat.mineBlock.252":31,"stat.mineBlock.255":40,"stat.craftItem.336":34,"stat.mineBlock.14":7,"stat.mineBlock.13":333,"stat.mineBlock.16":328,"stat.mineBlock.15":87,"stat.mineBlock.18":77,"stat.mineBlock.17":3,"stat.swimOneCm":29350,"achievement.ae2.ChargedQuartz":2,"achievement.exploreAllBiomes":{"value":0,"progress":["DesertHills","Birch Forest","Roofed Forest","Extreme Hills+","River","Birch Forest Hills M","Desert","Taiga","Extreme Hills","Hell"]},"stat.mineBlock.12":7,"stat.craftItem.364":17,"stat.craftItem.366":1,"stat.mineBlock.4":22,"stat.craftItem.916":1,"stat.mineBlock.3":63,"stat.mineBlock.477":30,"stat.mineBlock.1":1524,"stat.killEntity.Enderman":1,"stat.flyOneCm":341457,"stat.craftItem.4932":1,"stat.mineBlock.250":44,"stat.mineBlock.246":43,"stat.useItem.5695":48,"stat.mineBlock.247":55,"stat.mineBlock.244":57,"stat.mineBlock.248":21,"stat.mineBlock.249":34,"stat.craftItem.5954":1,"stat.craftItem.5951":1,"stat.craftItem.5953":1,"stat.craftItem.5952":1,"stat.killEntity.entity_fucc_a_ducc":1,"stat.craftItem.5032":2,"stat.craftItem.4185":64,"stat.mineBlock.731":4,"stat.killEntity.Creeper":3,"stat.craftItem.4750":7,"stat.craftItem.4194":5,"achievement.mineWood":4,"stat.killEntity.Squid":2,"achievement.openInventory":320,"stat.craftItem.42":1,"stat.deaths":41,"stat.drop":86,"stat.playOneMinute":350559,"stat.craftItem.4732":1,"stat.killEntity.Sheep":5,"stat.craftItem.4731":1,"stat.mineBlock.165":7,"stat.mineBlock.166":2,"stat.craftItem.4174":4,"stat.killEntity.Zombie":16,"stat.diveOneCm":31169,"stat.useItem.5645":6,"stat.useItem.5640":7,"stat.mineBlock.412":56,"stat.mineBlock.82":20,"stat.mineBlock.413":3,"stat.mineBlock.87":4,"stat.jump":3153,"stat.fallOneCm":176379,"stat.useItem.765":1,"stat.craftItem.5645":1,"stat.mineBlock.427":24,"stat.mineBlock.98":26,"stat.mineBlock.428":2,"stat.mineBlock.429":6,"stat.damageTaken":63959,"stat.useItem.49":1,"stat.useItem.50":58,"stat.damageDealt":4845,"stat.useItem.6383":87,"stat.killEntity.Cow":5,"stat.mineBlock.765":1,"stat.mineBlock.73":18,"stat.mineBlock.766":3,"stat.mineBlock.1351":1,"stat.mineBlock.49":24,"stat.mineBlock.1345":1,"stat.walkOneCm":1658495,"stat.craftItem.265":74,"stat.playerKills":18,"stat.craftItem.4911":1,"stat.useItem.6407":455,"stat.mineBlock.50":9,"stat.useItem.252":1,"stat.killEntity.Skeleton":7,"stat.craftItem.4565":1,"stat.craftItem.280":4,"stat.killEntity.Spider":5,"stat.useItem.5661":2624,"stat.useItem.5662":3,"stat.mobKills":45,"stat.mineBlock.21":8,"stat.useItem.4":309,"stat.useItem.3":13,"stat.craftItem.5420":1,"stat.useItem.13":306,"stat.mineBlock.31":6,"stat.craftItem.704":5}