{"stat.useItem.274":1,"stat.walkOneCm":162856,"stat.playerKills":1,"stat.leaveGame":4,"stat.mineBlock.772":2,"stat.jump":243,"stat.fallOneCm":7962,"stat.craftItem.1":42,"achievement.exploreAllBiomes":{"value":0,"progress":["Extreme Hills+","River","Extreme Hills"]},"stat.mineBlock.109":1,"stat.useItem.44":1,"achievement.openInventory":27,"stat.craftItem.44":6,"stat.damageTaken":4837,"stat.flyOneCm":20270,"stat.deaths":1,"stat.drop":25,"stat.useItem.268":6,"stat.playOneMinute":20982,"stat.useItem.4":2,"stat.useItem.109":5,"stat.craftItem.98":44,"stat.breakItem.268":1,"stat.useItem.3":2,"stat.damageDealt":395,"stat.craftItem.109":12}