{"stat.mineBlock.49":1,"stat.walkOneCm":105843,"achievement.openInventory":5,"stat.leaveGame":1,"stat.damageTaken":300,"stat.mineBlock.251":7,"stat.mineBlock.252":1,"stat.useItem.5661":121,"stat.useItem.5640":4,"stat.mineBlock.1":97,"stat.mobKills":1,"stat.mineBlock.13":2,"stat.flyOneCm":4217,"stat.useItem.50":20,"stat.jump":201,"stat.swimOneCm":43,"stat.useItem.246":1,"stat.playOneMinute":16639,"stat.fallOneCm":4748,"stat.useItem.4":1,"stat.damageDealt":300,"stat.killEntity.Zombie":1,"stat.mineBlock.246":5,"stat.mineBlock.244":2,"stat.mineBlock.427":2,"stat.mineBlock.248":4,"achievement.exploreAllBiomes":{"value":0,"progress":["Birch Forest","Roofed Forest","River","Desert","Extreme Hills"]}}