{"stat.useItem.355":1,"stat.useItem.910":1,"stat.leaveGame":4,"stat.mineBlock.412":5,"stat.mineBlock.652":1,"stat.mineBlock.15":6,"stat.mineBlock.18":79,"stat.mineBlock.17":7,"stat.jump":2519,"stat.swimOneCm":70906,"stat.craftItem.333":3,"stat.fallOneCm":101408,"stat.climbOneCm":19402,"achievement.buildWorkBench":3,"achievement.exploreAllBiomes":{"value":0,"progress":["Birch Forest Hills","ForestHills","Birch Forest","Flower Forest","Roofed Forest","Plains","TaigaHills","Beach","DesertHills","Stone Beach","Mega Taiga Hills","Extreme Hills+","Jungle","River","Forest","Ocean","JungleHills","JungleEdge","Desert","Taiga","Mega Taiga","Extreme Hills","Swampland","Deep Ocean"]},"stat.mineBlock.98":7,"stat.mineBlock.705":1,"stat.mineBlock.706":3,"stat.mineBlock.12":1,"stat.mineBlock.703":52,"stat.mineBlock.704":192,"stat.mineBlock.1248":4,"stat.mineBlock.1245":2,"stat.boatOneCm":28069,"stat.mineBlock.1249":1,"stat.craftItem.5":28,"stat.useItem.978":1,"stat.damageTaken":16370,"stat.mineBlock.4":6,"stat.mineBlock.3":8,"stat.mineBlock.598":14,"stat.mineBlock.1":222,"stat.mineBlock.632":4,"stat.killEntity.Enderman":4,"stat.mineBlock.597":6,"stat.mineBlock.910":1,"stat.mineBlock.1121":2,"stat.flyOneCm":306503,"stat.useItem.50":4,"stat.killEntity.Witch":1,"stat.damageDealt":16744,"stat.useItem.5695":7,"stat.useItem.58":3,"stat.walkOneCm":868079,"stat.playerKills":1,"stat.mineBlock.1063":1,"stat.killEntity.Creeper":8,"stat.mineBlock.45":2,"stat.mineBlock.978":1,"stat.useItem.608":1,"stat.mineBlock.621":1,"achievement.mineWood":7,"stat.mineBlock.102":2,"stat.mineBlock.50":4,"stat.mineBlock.1050":2,"stat.mineBlock.106":3,"stat.mineBlock.1203":2,"stat.killEntity.Skeleton":10,"achievement.openInventory":102,"stat.killEntity.Spider":2,"stat.useItem.5660":66,"stat.mobKills":50,"stat.useItem.98":2,"stat.craftItem.58":3,"stat.useItem.6":2,"stat.deaths":3,"stat.drop":108,"stat.playOneMinute":164769,"stat.useItem.4":1,"stat.useItem.5656":578,"stat.useItem.3":6,"stat.mineBlock.165":3,"stat.killEntity.Zombie":25,"stat.mineBlock.448":1,"stat.mineBlock.30":3,"stat.mineBlock.600":25,"stat.diveOneCm":289305,"stat.mineBlock.31":21,"stat.mineBlock.726":7}