{"stat.leaveGame":3,"stat.mineBlock.412":5,"stat.mineBlock.652":1,"stat.mineBlock.15":6,"stat.mineBlock.18":73,"stat.mineBlock.17":7,"stat.jump":1656,"stat.swimOneCm":25448,"stat.craftItem.333":3,"stat.fallOneCm":70112,"stat.climbOneCm":19402,"achievement.buildWorkBench":3,"achievement.exploreAllBiomes":{"value":0,"progress":["ForestHills","Birch Forest","Flower Forest","Roofed Forest","TaigaHills","Beach","DesertHills","Mega Taiga Hills","Extreme Hills+","Jungle","River","Forest","Ocean","JungleHills","JungleEdge","Desert","Taiga","Mega Taiga","Extreme Hills","Swampland","Deep Ocean"]},"stat.mineBlock.98":7,"stat.mineBlock.706":1,"stat.mineBlock.12":1,"stat.mineBlock.703":26,"stat.mineBlock.1248":4,"stat.mineBlock.1245":2,"stat.boatOneCm":28069,"stat.mineBlock.1249":1,"stat.craftItem.5":28,"stat.damageTaken":5605,"stat.mineBlock.4":6,"stat.mineBlock.3":3,"stat.mineBlock.598":14,"stat.mineBlock.1":132,"stat.mineBlock.632":4,"stat.killEntity.Enderman":4,"stat.mineBlock.597":6,"stat.mineBlock.910":1,"stat.mineBlock.1121":2,"stat.flyOneCm":188368,"stat.useItem.50":3,"stat.killEntity.Witch":1,"stat.damageDealt":8947,"stat.useItem.5695":7,"stat.useItem.58":3,"stat.walkOneCm":530534,"stat.mineBlock.1063":1,"stat.killEntity.Creeper":4,"stat.mineBlock.45":2,"stat.mineBlock.978":1,"stat.useItem.608":1,"stat.mineBlock.621":1,"achievement.mineWood":7,"stat.mineBlock.102":2,"stat.mineBlock.50":4,"stat.mineBlock.1050":2,"stat.mineBlock.106":3,"stat.mineBlock.1203":2,"stat.killEntity.Skeleton":6,"achievement.openInventory":52,"stat.killEntity.Spider":1,"stat.useItem.5660":33,"stat.mobKills":21,"stat.useItem.98":2,"stat.craftItem.58":3,"stat.useItem.6":2,"stat.deaths":1,"stat.drop":5,"stat.playOneMinute":106250,"stat.useItem.4":1,"stat.useItem.5656":264,"stat.useItem.3":1,"stat.mineBlock.165":1,"stat.killEntity.Zombie":5,"stat.mineBlock.30":3,"stat.mineBlock.600":25,"stat.diveOneCm":223908,"stat.mineBlock.31":16,"stat.mineBlock.726":7}