{"stat.useItem.355":1,"stat.useItem.910":1,"stat.leaveGame":6,"stat.mineBlock.15":6,"stat.mineBlock.18":85,"stat.mineBlock.17":13,"stat.swimOneCm":88154,"stat.craftItem.333":7,"stat.climbOneCm":20342,"achievement.buildWorkBench":4,"stat.mineBlock.702":1,"achievement.exploreAllBiomes":{"value":0,"progress":["Sunflower Plains","Birch Forest","Roofed Forest","Beach","Mega Taiga Hills","Extreme Hills+","River","Ocean","JungleEdge","Taiga","Mega Taiga","Swampland","Birch Forest Hills","ForestHills","Flower Forest","Plains","TaigaHills","DesertHills","Stone Beach","Jungle","Forest","JungleHills","Desert","Extreme Hills","Deep Ocean"]},"stat.mineBlock.705":1,"stat.mineBlock.706":3,"stat.mineBlock.12":2,"stat.mineBlock.703":274,"stat.mineBlock.704":192,"stat.mineBlock.916":2,"stat.mineBlock.4":525,"stat.mineBlock.3":10,"stat.mineBlock.598":14,"stat.mineBlock.1":237,"stat.killEntity.Enderman":4,"stat.mineBlock.597":6,"stat.mineBlock.910":1,"stat.flyOneCm":454841,"stat.killEntity.Witch":1,"stat.useItem.5695":13,"stat.mineBlock.181":1433,"stat.mineBlock.182":1,"petAchieve1":2,"stat.mineBlock.175":1,"stat.mineBlock.1063":1,"stat.killEntity.Creeper":12,"stat.mineBlock.978":1,"stat.mineBlock.621":1,"achievement.mineWood":13,"stat.mineBlock.860":6,"stat.mineBlock.1050":2,"achievement.openInventory":162,"stat.mineBlock.154":2,"stat.useItem.98":2,"stat.craftItem.58":4,"stat.deaths":7,"stat.drop":191,"stat.playOneMinute":230994,"stat.mineBlock.165":3,"stat.killEntity.Zombie":31,"stat.mineBlock.600":96,"stat.mineBlock.601":6,"stat.diveOneCm":328356,"stat.mineBlock.726":7,"stat.mineBlock.412":5,"stat.mineBlock.652":1,"stat.mineBlock.1138":6,"stat.jump":3467,"stat.fallOneCm":139019,"stat.mineBlock.98":29,"stat.mineBlock.1248":4,"stat.mineBlock.1245":2,"stat.boatOneCm":78184,"stat.mineBlock.1249":1,"stat.craftItem.5":52,"stat.useItem.978":1,"stat.damageTaken":24533,"stat.mineBlock.632":4,"stat.mineBlock.1121":2,"stat.useItem.50":4,"stat.damageDealt":21440,"stat.useItem.58":4,"stat.walkOneCm":1267155,"stat.playerKills":3,"stat.mineBlock.42":2,"stat.mineBlock.45":10,"stat.useItem.608":2,"stat.mineBlock.102":2,"stat.mineBlock.50":5,"stat.mineBlock.106":3,"stat.mineBlock.109":2,"stat.mineBlock.1203":2,"stat.killEntity.Skeleton":20,"stat.killEntity.Spider":7,"stat.useItem.5660":86,"stat.mobKills":75,"stat.mineBlock.20":2,"stat.useItem.6":2,"stat.useItem.4":45,"stat.useItem.5656":2900,"stat.useItem.3":8,"stat.mineBlock.448":3,"stat.mineBlock.30":3,"stat.mineBlock.31":23}