{"stat.walkOneCm":391413,"stat.leaveGame":1,"stat.mineBlock.412":5,"stat.mineBlock.652":1,"stat.killEntity.Creeper":4,"stat.mineBlock.18":8,"stat.mineBlock.17":4,"stat.jump":1142,"stat.swimOneCm":7643,"stat.craftItem.333":2,"stat.fallOneCm":50022,"stat.climbOneCm":12069,"achievement.buildWorkBench":2,"stat.useItem.608":1,"stat.mineBlock.621":1,"achievement.mineWood":4,"stat.mineBlock.102":1,"stat.mineBlock.50":1,"stat.mineBlock.1050":2,"achievement.exploreAllBiomes":{"value":0,"progress":["ForestHills","Birch Forest","Flower Forest","Roofed Forest","TaigaHills","DesertHills","Mega Taiga Hills","Extreme Hills+","Jungle","River","Forest","JungleHills","JungleEdge","Desert","Taiga","Mega Taiga","Extreme Hills","Swampland"]},"stat.mineBlock.98":7,"stat.mineBlock.12":1,"stat.killEntity.Skeleton":6,"stat.boatOneCm":20174,"achievement.openInventory":28,"stat.craftItem.5":16,"stat.damageTaken":5605,"stat.mineBlock.4":6,"stat.killEntity.Spider":1,"stat.mineBlock.3":1,"stat.mineBlock.1":125,"stat.killEntity.Enderman":4,"stat.useItem.5660":30,"stat.mobKills":20,"stat.useItem.98":2,"stat.flyOneCm":147760,"stat.craftItem.58":2,"stat.deaths":1,"stat.drop":4,"stat.playOneMinute":65425,"stat.killEntity.Witch":1,"stat.useItem.4":1,"stat.useItem.5656":152,"stat.useItem.3":1,"stat.mineBlock.165":1,"stat.damageDealt":8487,"stat.killEntity.Zombie":4,"stat.useItem.5695":7,"stat.mineBlock.30":2,"stat.diveOneCm":9551,"stat.mineBlock.31":1,"stat.useItem.58":2,"stat.mineBlock.726":1}