{"stat.useItem.355":4,"stat.useItem.910":1,"stat.craftItem.61":1,"stat.leaveGame":14,"stat.mineBlock.13":1,"stat.useItem.122":2,"stat.mineBlock.15":12,"stat.useItem.121":4,"stat.mineBlock.18":432,"stat.mineBlock.17":25,"stat.swimOneCm":124464,"stat.craftItem.333":9,"stat.climbOneCm":21380,"achievement.buildWorkBench":7,"stat.mineBlock.148":3,"stat.mineBlock.702":5,"achievement.exploreAllBiomes":{"value":0,"progress":["Sky","Sunflower Plains","Desert M","Birch Forest","Roofed Forest","Beach","Mega Taiga Hills","Mesa Plateau","Extreme Hills+","River","Ocean","JungleEdge","Taiga","Mega Taiga","Swampland","Birch Forest Hills","Mesa Plateau F","Outer Crater","ForestHills","Mesa","Flower Forest","Jungle M","Plains","TaigaHills","DesertHills","Stone Beach","Jungle","Forest","JungleHills","Desert","Extreme Hills","Deep Ocean"]},"stat.mineBlock.705":4,"stat.mineBlock.706":4,"stat.mineBlock.12":2,"stat.mineBlock.703":936,"stat.mineBlock.704":566,"stat.mineBlock.916":2,"stat.craftItem.85":20,"stat.mineBlock.4":528,"stat.mineBlock.3":15,"stat.mineBlock.598":18,"stat.mineBlock.477":546,"stat.mineBlock.1":360,"stat.killEntity.Enderman":19,"stat.mineBlock.596":1,"stat.mineBlock.597":6,"stat.mineBlock.910":4,"stat.killEntity.entity_glyphid":9,"stat.mineBlock.808":1,"stat.flyOneCm":2577748,"stat.useItem.102":8,"stat.craftItem.355":1,"stat.killEntity.Witch":1,"stat.mineBlock.121":7,"stat.useItem.5695":21,"stat.mineBlock.181":1433,"stat.mineBlock.182":1,"petAchieve1":2,"stat.mineBlock.175":1,"stat.mineBlock.730":5,"stat.mineBlock.1063":1,"stat.mineBlock.733":1,"stat.killEntity.Creeper":16,"stat.mineBlock.978":1,"stat.mineBlock.621":2,"achievement.mineWood":24,"stat.mineBlock.860":6,"stat.mineBlock.1050":2,"stat.mineBlock.1054":12,"stat.useItem.85":4,"stat.killEntity.entity_mob_phosgene_creeper":1,"achievement.openInventory":407,"stat.mineBlock.154":2,"stat.mineBlock.159":733,"stat.useItem.98":12,"stat.craftItem.58":7,"stat.deaths":13,"stat.drop":438,"stat.useItem.420":2,"stat.playOneMinute":506466,"stat.craftItem.50":16,"stat.killEntity.Sheep":3,"stat.mineBlock.165":5,"stat.killEntity.Zombie":58,"stat.mineBlock.600":306,"stat.mineBlock.601":6,"stat.mineBlock.606":3,"stat.diveOneCm":391909,"stat.mineBlock.726":8,"stat.useItem.61":1,"stat.mineBlock.412":5,"stat.mineBlock.652":1,"stat.mineBlock.773":1,"stat.mineBlock.538":4,"stat.mineBlock.1142":1,"stat.mineBlock.1138":6,"stat.jump":5630,"stat.fallOneCm":375172,"stat.mineBlock.540":8,"stat.useItem.5631":611,"stat.mineBlock.98":136,"stat.useItem.175":2,"achievement.radPoison":5134,"stat.mineBlock.1248":4,"stat.mineBlock.1245":2,"stat.useItem.730":1,"stat.boatOneCm":236890,"stat.mineBlock.1249":1,"stat.craftItem.5":70,"stat.useItem.978":1,"stat.damageTaken":58588,"stat.useItem.1142":1,"stat.mineBlock.632":4,"stat.mineBlock.1121":3,"stat.useItem.50":17,"stat.useItem.622":1,"stat.damageDealt":51881,"stat.useItem.58":7,"stat.useItem.20":21,"stat.useItem.397":3,"stat.craftItem.263":7,"stat.mineBlock.48":1,"stat.walkOneCm":2621906,"stat.playerKills":3,"stat.craftItem.381":4,"stat.craftItem.5794":61,"stat.mineBlock.42":4,"stat.mineBlock.45":11,"stat.useItem.726":1,"stat.useItem.608":3,"stat.mineBlock.101":66,"stat.mineBlock.102":10,"stat.mineBlock.50":12,"stat.mineBlock.106":9,"stat.mineBlock.109":2,"stat.mineBlock.1203":2,"stat.killEntity.Skeleton":42,"stat.craftItem.280":68,"stat.killEntity.Spider":23,"stat.useItem.5660":213,"stat.mobKills":172,"stat.mineBlock.20":2,"stat.useItem.6":4,"stat.useItem.4":78,"stat.useItem.5656":5215,"stat.useItem.3":9,"stat.craftItem.271":1,"stat.mineBlock.448":26,"stat.mineBlock.30":3,"stat.mineBlock.31":26,"stat.useItem.271":3}