{"stat.walkOneCm":323209,"stat.leaveGame":1,"stat.mineBlock.412":5,"stat.killEntity.Creeper":4,"stat.mineBlock.18":7,"stat.jump":942,"stat.swimOneCm":3180,"stat.fallOneCm":40305,"stat.climbOneCm":10993,"stat.useItem.608":1,"stat.mineBlock.621":1,"stat.mineBlock.50":1,"stat.mineBlock.1050":2,"achievement.exploreAllBiomes":{"value":0,"progress":["Birch Forest","Flower Forest","TaigaHills","DesertHills","Mega Taiga Hills","Extreme Hills+","Jungle","River","Forest","JungleHills","JungleEdge","Desert","Taiga","Mega Taiga","Extreme Hills"]},"stat.mineBlock.98":7,"stat.mineBlock.12":1,"stat.killEntity.Skeleton":6,"achievement.openInventory":18,"stat.damageTaken":5290,"stat.mineBlock.4":6,"stat.killEntity.Spider":1,"stat.mineBlock.3":1,"stat.mineBlock.1":125,"stat.killEntity.Enderman":3,"stat.useItem.5660":22,"stat.mobKills":17,"stat.useItem.98":2,"stat.flyOneCm":115414,"stat.deaths":1,"stat.drop":4,"stat.playOneMinute":52495,"stat.useItem.4":1,"stat.useItem.5656":149,"stat.useItem.3":1,"stat.mineBlock.165":1,"stat.damageDealt":6877,"stat.killEntity.Zombie":3,"stat.useItem.5695":7,"stat.diveOneCm":3780}