{"stat.craftItem.6329":18,"achievement.radDeath":12,"stat.craftItem.5004":1,"stat.craftItem.4154":17,"stat.craftItem.4156":48,"stat.craftItem.6332":2808,"stat.craftItem.4152":1,"stat.craftItem.4151":1034,"stat.craftItem.6300":1,"stat.craftItem.916":1,"stat.craftItem.918":1,"stat.killEntity.Enderman":25,"stat.killEntity.entity_glyphid":7,"achievement.buildPickaxe":6,"stat.craftItem.5463":1,"stat.craftItem.4134":1,"oc.case":4,"stat.craftItem.906":1,"stat.mineBlock.1190":7,"stat.craftItem.903":0,"stat.craftItem.5034":6,"stat.craftItem.5033":6,"stat.craftItem.5035":3,"stat.craftItem.4185":490,"stat.craftItem.5032":2,"stat.craftItem.6360":1,"stat.craftItem.5031":2,"stat.craftItem.4180":265,"stat.mineBlock.1185":1,"stat.craftItem.6379":7,"stat.craftItem.4198":209,"stat.craftItem.4197":301,"stat.craftItem.6378":5,"stat.craftItem.4199":8,"achievement.burnerPress":2,"stat.craftItem.4194":197,"stat.craftItem.4193":192,"stat.craftItem.4196":3,"stat.craftItem.4195":22,"stat.craftItem.4192":6,"stat.craftItem.4191":3,"stat.mineBlock.1174":2,"stat.mineBlock.1172":9,"stat.mineBlock.1169":2,"stat.killEntity.entity_mob_phosgene_creeper":13,"stat.mineBlock.1162":3,"stat.mineBlock.1163":1,"stat.mineBlock.1160":11,"stat.mineBlock.1159":1,"stat.deaths":20,"stat.craftItem.4179":878,"stat.craftItem.6358":52,"stat.craftItem.4175":2167,"stat.craftItem.4178":396,"stat.craftItem.4174":1206,"stat.mineBlock.1151":16,"stat.mineBlock.1154":1,"stat.mineBlock.1148":1,"stat.mineBlock.1149":2,"achievement.assembly":1,"stat.craftItem.5071":8,"stat.craftItem.977":5,"stat.mineBlock.1145":10,"stat.mineBlock.1142":5,"stat.mineBlock.1143":1,"stat.mineBlock.1138":18,"stat.useItem.765":22,"stat.craftItem.962":6,"stat.craftItem.963":1,"stat.craftItem.965":0,"stat.craftItem.969":0,"achievement.radPoison":32860,"stat.craftItem.520":21,"stat.craftItem.5056":216,"stat.craftItem.5058":158,"stat.craftItem.6382":5,"stat.craftItem.6380":6,"stat.craftItem.6381":5,"stat.craftItem.514":7,"stat.mineBlock.1122":4,"stat.mineBlock.1123":6,"stat.mineBlock.1121":8,"stat.mineBlock.1115":1,"stat.mineBlock.1114":10,"stat.mineBlock.1117":7,"stat.craftItem.5069":2,"stat.useItem.1379":3,"stat.craftItem.5068":404,"stat.craftItem.6396":1,"stat.craftItem.930":1,"stat.craftItem.929":2,"stat.craftItem.951":2,"stat.craftItem.952":1,"stat.craftItem.940":2,"stat.useItem.355":10,"stat.craftItem.5922":0,"achievement.ae2.ChargedQuartz":12,"achievement.concrete":12,"stat.useItem.330":4,"stat.craftItem.487":64,"stat.useItem.338":44,"achievement.slimeball":1,"stat.mineBlock.807":1,"stat.mineBlock.800":5,"stat.mineBlock.801":9,"stat.mineBlock.802":4,"stat.craftItem.1117":2,"stat.craftItem.5958":2,"stat.craftItem.4627":1,"stat.craftItem.1114":8,"stat.craftItem.5955":2,"stat.craftItem.4624":52,"stat.craftItem.5954":6,"stat.craftItem.4623":14,"stat.craftItem.420":8,"stat.craftItem.5957":2,"stat.craftItem.5956":2,"stat.craftItem.4625":33,"stat.craftItem.4620":23,"stat.craftItem.5951":3,"stat.craftItem.5950":4,"stat.craftItem.5953":5,"stat.craftItem.5952":5,"stat.craftItem.1111":64,"stat.killEntity.Creeper":70,"stat.useItem.324":2,"stat.craftItem.4636":3,"achievement.schrab":86,"stat.craftItem.1120":1,"stat.craftItem.4630":3,"stat.craftItem.4633":0,"stat.craftItem.4632":2,"stat.craftItem.1121":0,"achievement.buildSword":7,"stat.mineBlock.860":14,"stat.killEntity.Squid":2,"stat.mineBlock.864":95,"stat.craftItem.888":0,"stat.mineBlock.865":1,"stat.craftItem.405":60,"stat.mineBlock.868":1,"stat.craftItem.5939":3,"stat.mineBlock.830":2,"stat.craftItem.4616":16,"stat.craftItem.5947":2,"stat.craftItem.4619":64,"stat.craftItem.1103":8,"stat.craftItem.5949":1,"stat.craftItem.4618":343,"stat.craftItem.4615":60,"stat.craftItem.4614":227,"stat.craftItem.5942":4,"stat.killEntity.Zombie":124,"stat.useItem.65":83,"stat.craftItem.1159":1,"stat.useItem.67":154,"stat.useItem.61":18,"stat.craftItem.5514":36,"stat.craftItem.5517":192,"stat.craftItem.5994":2,"stat.craftItem.1151":1,"stat.craftItem.5991":2,"stat.craftItem.4660":1,"stat.craftItem.5990":2,"stat.craftItem.5993":2,"stat.craftItem.5992":2,"stat.mineBlock.411":3530,"stat.mineBlock.895":3,"stat.mineBlock.412":565,"stat.mineBlock.894":4,"stat.mineBlock.413":32,"stat.useItem.69":2,"stat.useItem.77":2,"stat.craftItem.1169":1,"stat.craftItem.1162":6,"stat.craftItem.5524":16,"stat.craftItem.1160":0,"stat.mineBlock.427":206,"stat.mineBlock.428":73,"stat.mineBlock.429":22,"stat.craftItem.1138":3,"stat.craftItem.5977":5,"stat.craftItem.5976":4,"stat.craftItem.5979":1,"stat.craftItem.5978":1,"stat.craftItem.5975":4,"stat.craftItem.4644":8,"stat.craftItem.5974":3,"stat.craftItem.4640":16,"stat.craftItem.1132":2,"stat.useItem.6158":1,"stat.useItem.49":13,"stat.useItem.54":89,"stat.craftItem.1149":0,"stat.useItem.56":2,"stat.useItem.50":1067,"stat.craftItem.4656":122,"stat.craftItem.4659":5,"stat.craftItem.4658":11,"stat.craftItem.4652":2,"stat.craftItem.5980":1,"stat.craftItem.1145":0,"stat.craftItem.5981":1,"stat.useItem.58":3,"stat.useItem.397":8,"stat.craftItem.6407":1,"stat.craftItem.6405":12,"stat.craftItem.6406":1,"stat.craftItem.6403":4,"stat.craftItem.6401":1,"stat.craftItem.1190":0,"stat.useItem.24":21,"stat.craftItem.6410":1,"stat.craftItem.6411":1,"stat.mineBlock.468":42,"stat.useItem.372":5,"stat.craftItem.4208":85,"stat.craftItem.1175":0,"stat.craftItem.4201":28,"stat.craftItem.1178":0,"stat.mobKills":860,"stat.mineBlock.438":575,"stat.mineBlock.439":3,"stat.useItem.381":5,"stat.useItem.12":2,"stat.craftItem.4695":8,"stat.mineBlock.440":47,"stat.mineBlock.444":43,"stat.mineBlock.445":26,"stat.craftItem.1181":0,"stat.mineBlock.442":1,"stat.mineBlock.443":31,"stat.mineBlock.448":15,"stat.useItem.17":1,"stat.useItem.13":48,"stat.useItem.15":2,"stat.useItem.392":490,"stat.useItem.16":19,"stat.mineBlock.253":66,"stat.mineBlock.254":87,"stat.mineBlock.251":486,"stat.mineBlock.252":215,"stat.mineBlock.255":464,"stat.killEntity.Blaze":28,"stat.mineBlock.14":121,"stat.mineBlock.13":1254,"stat.mineBlock.16":1788,"stat.mineBlock.15":693,"stat.mineBlock.18":1822,"stat.mineBlock.17":646,"stat.useItem.800":2,"stat.mineBlock.1092":4,"stat.mineBlock.12":5773,"stat.useItem.5227":1,"stat.mineBlock.1082":15,"stat.mineBlock.1083":8,"stat.mineBlock.1084":4,"stat.mineBlock.1088":18,"oc.cable":4,"stat.mineBlock.250":353,"stat.mineBlock.246":180,"stat.mineBlock.247":283,"stat.useItem.5211":7,"stat.mineBlock.244":230,"stat.mineBlock.248":237,"stat.mineBlock.249":184,"stat.mineBlock.1063":1,"stat.mineBlock.1068":234,"stat.mineBlock.1050":183,"stat.mineBlock.1056":1,"stat.mineBlock.1057":3,"stat.mineBlock.1054":137,"stat.mineBlock.1055":7,"stat.useItem.87":228,"stat.useItem.88":16,"stat.mineBlock.1040":4,"stat.useItem.98":3110,"achievement.ghast":1,"stat.mineBlock.1033":1,"stat.mineBlock.1028":1,"achievement.chicagoPile":113,"stat.useItem.5646":1200,"stat.useItem.5644":97,"stat.useItem.5641":1398,"stat.useItem.5642":2,"stat.useItem.5640":31,"stat.craftItem.611":16,"stat.mineBlock.1024":1,"stat.useItem.888":7,"stat.useItem.1279":6,"stat.useItem.5635":28,"stat.useItem.5633":9262,"stat.useItem.5631":62239,"stat.killEntity.entity_mob_volatile_creeper":2,"stat.craftItem.642":32,"stat.useItem.859":66,"stat.useItem.5623":371,"stat.useItem.5622":254,"stat.craftItem.631":608,"stat.useItem.4765":22,"stat.craftItem.622":32,"stat.useItem.830":2,"stat.craftItem.4915":2,"stat.craftItem.4911":11,"stat.useItem.5678":6875,"stat.useItem.5676":2437,"stat.useItem.5677":685,"stat.useItem.5670":35,"stat.craftItem.4907":1,"stat.useItem.5661":8206,"stat.useItem.5662":337,"stat.useItem.5660":205,"stat.useItem.5656":1126,"stat.useItem.472":1,"stat.craftItem.4946":4,"stat.craftItem.101":816,"stat.craftItem.102":240,"stat.craftItem.4945":2,"stat.useItem.477":10,"stat.craftItem.4944":8,"stat.useItem.1205":16,"stat.useItem.1206":23,"stat.craftItem.4941":5,"stat.craftItem.4940":7,"stat.useItem.1208":3,"stat.useItem.1201":3,"stat.useItem.1203":1,"stat.craftItem.577":10,"stat.climbOneCm":55821,"stat.mineBlock.702":4,"stat.mineBlock.706":3,"stat.mineBlock.703":913,"stat.mineBlock.704":156,"stat.craftItem.1411":14,"stat.craftItem.1412":3,"stat.craftItem.1413":1,"stat.craftItem.1414":23,"stat.craftItem.4934":1,"stat.ae2.TurnedCranks":464,"stat.craftItem.109":60,"stat.craftItem.4987":1,"stat.craftItem.4505":756,"stat.craftItem.4501":32,"stat.useItem.439":1,"petAchieve1":21,"stat.mineBlock.730":37,"stat.mineBlock.731":163,"stat.useItem.1240":3,"stat.mineBlock.734":167,"stat.mineBlock.732":11,"stat.mineBlock.733":24,"stat.mineBlock.738":281,"stat.mineBlock.739":9,"stat.mineBlock.736":1,"stat.mineBlock.737":1,"stat.craftItem.5849":1,"stat.useItem.440":4,"stat.craftItem.4997":36,"stat.craftItem.4994":1,"stat.craftItem.4993":1,"stat.craftItem.5843":1,"stat.craftItem.4992":2,"stat.craftItem.4991":1,"stat.craftItem.523":4,"stat.craftItem.524":7,"stat.craftItem.525":35,"stat.useItem.411":8,"stat.craftItem.565":9,"stat.drop":2281,"stat.useItem.1218":4,"stat.useItem.427":4,"stat.craftItem.4974":1,"stat.killEntity.Sheep":3,"stat.craftItem.4973":1,"stat.useItem.428":8,"achievement.redRoom":1,"stat.mineBlock.725":259,"stat.mineBlock.726":5,"stat.craftItem.184":1,"stat.craftItem.185":1,"stat.craftItem.4548":126,"stat.craftItem.1032":4,"stat.craftItem.1031":0,"stat.craftItem.181":320,"stat.craftItem.1034":1,"stat.craftItem.1033":4,"stat.killEntity.Slime":1,"stat.mineBlock.775":120,"stat.mineBlock.81":9,"stat.mineBlock.772":26,"stat.mineBlock.80":105,"stat.mineBlock.82":16,"stat.mineBlock.779":20,"achievement.manhattan":20,"stat.mineBlock.777":15,"stat.mineBlock.87":793,"stat.mineBlock.89":15,"stat.mineBlock.88":52,"stat.craftItem.1040":1,"stat.mineBlock.782":185,"stat.mineBlock.783":382,"stat.mineBlock.784":4,"stat.mineBlock.98":1028,"stat.mineBlock.97":9,"stat.craftItem.4529":9,"stat.mineBlock.69":2,"stat.craftItem.5859":1,"stat.craftItem.5857":2,"stat.mineBlock.61":25,"stat.mineBlock.65":17,"stat.mineBlock.67":35,"stat.mineBlock.79":1,"stat.craftItem.1028":1,"stat.craftItem.4536":2,"stat.craftItem.4535":63,"stat.craftItem.5863":2,"stat.craftItem.5862":3,"stat.craftItem.5865":1,"stat.craftItem.4533":27,"stat.craftItem.5864":1,"stat.craftItem.1024":1,"stat.craftItem.5861":4,"stat.damageDealt":1384593,"stat.mineBlock.767":1,"stat.mineBlock.765":24,"stat.mineBlock.766":257,"stat.mineBlock.73":351,"stat.mineBlock.78":123,"stat.mineBlock.46":9,"stat.mineBlock.49":779,"stat.craftItem.145":1,"stat.craftItem.147":2,"stat.craftItem.4589":1,"achievement.bossCreeper":14,"stat.mineBlock.42":4,"stat.mineBlock.45":94,"stat.mineBlock.44":6,"stat.mineBlock.58":2,"stat.craftItem.1084":1,"stat.craftItem.4594":928,"stat.craftItem.1088":16,"stat.craftItem.1082":4,"stat.mineBlock.50":135,"stat.mineBlock.54":58,"stat.mineBlock.56":70,"stat.mineBlock.24":2072,"stat.craftItem.1054":272,"stat.craftItem.1058":2,"stat.killEntity.Chicken":7,"stat.craftItem.1057":6,"stat.craftItem.1056":4,"stat.craftItem.1055":4,"stat.mineBlock.791":1,"stat.craftItem.1050":736,"stat.mineBlock.21":55,"stat.mineBlock.20":7,"stat.mineBlock.35":1,"stat.craftItem.152":1,"stat.mineBlock.38":1,"stat.craftItem.154":15,"stat.mineBlock.37":114,"stat.craftItem.155":57,"stat.craftItem.4576":1504,"stat.craftItem.1068":1384,"achievement.desh":3,"stat.mineBlock.30":9,"stat.mineBlock.32":2,"stat.mineBlock.31":200,"stat.killEntity.EntityHorse":6,"stat.useItem.910":3,"stat.leaveGame":45,"stat.craftItem.4384":144,"stat.useItem.918":7,"stat.useItem.916":2,"stat.craftItem.4383":11,"stat.mineBlock.139":1,"stat.killEntity.PigZombie":6,"stat.useItem.921":1,"stat.useItem.929":4,"stat.mineBlock.147":3,"stat.mineBlock.148":3,"stat.craftItem.5219":1,"stat.craftItem.5214":1,"oc.transistor":2,"stat.craftItem.5211":1,"stat.useItem.5102":9,"stat.mineBlock.114":2,"stat.mineBlock.598":117,"stat.mineBlock.112":109,"stat.mineBlock.596":268,"stat.mineBlock.113":5,"stat.mineBlock.597":60,"stat.killEntity.Witch":5,"stat.craftItem.5224":2,"stat.craftItem.5227":1,"stat.useItem.903":1,"stat.mineBlock.121":4592,"stat.useItem.905":23,"stat.useItem.906":5,"stat.mineBlock.126":1,"stat.mineBlock.129":6,"stat.mineBlock.184":2,"stat.mineBlock.181":11,"stat.useItem.6017":93,"stat.mineBlock.174":462,"stat.mineBlock.175":1,"stat.craftItem.5273":4,"achievement.openInventory":6786,"stat.mineBlock.162":71,"stat.craftItem.6100":1,"stat.mineBlock.154":27,"stat.mineBlock.153":145,"stat.mineBlock.165":45,"stat.mineBlock.166":14,"stat.craftItem.741":6,"stat.useItem.1169":6,"stat.craftItem.739":28,"stat.killEntity.Ghast":7,"stat.useItem.1160":39,"stat.useItem.1162":4,"stat.useItem.1163":5,"stat.craftItem.731":64,"stat.craftItem.737":40,"stat.craftItem.738":620,"stat.mineBlock.1379":3,"stat.useItem.1159":5,"achievement.killCow":67,"stat.useItem.1151":84,"stat.mineBlock.1369":131,"stat.useItem.972":2,"stat.useItem.977":7,"stat.useItem.1147":1,"stat.useItem.1148":2,"stat.useItem.978":4,"achievement.polymer":43,"stat.useItem.1149":45,"stat.useItem.1142":1,"stat.useItem.1143":6,"stat.useItem.1145":76,"stat.useItem.981":3,"stat.useItem.1138":8,"stat.mineBlock.1350":3,"stat.mineBlock.1351":6,"stat.breakItem.5548":1,"stat.mineBlock.1347":1,"stat.breakItem.5546":2,"stat.mineBlock.1345":9,"stat.useItem.950":2,"stat.useItem.951":31,"stat.mineBlock.1349":9,"stat.useItem.952":13,"stat.useItem.958":2,"stat.useItem.6411":23,"stat.useItem.6410":255,"stat.useItem.962":19,"stat.useItem.960":21,"stat.useItem.965":4,"stat.useItem.963":2,"stat.useItem.969":1,"stat.useItem.6407":597,"stat.useItem.967":2,"stat.useItem.968":3,"stat.useItem.1190":129,"stat.mineBlock.1331":2,"achievement.portal":5,"stat.useItem.930":5,"stat.useItem.934":8,"stat.useItem.938":18,"stat.useItem.1185":1,"stat.useItem.1181":1,"stat.useItem.6":19,"achievement.acquireIron":78,"stat.useItem.940":12,"stat.useItem.1":603,"stat.useItem.941":5,"stat.useItem.942":15,"stat.useItem.4":1668,"stat.useItem.947":2,"stat.useItem.5":1,"stat.useItem.3":133,"stat.useItem.1175":1,"stat.useItem.949":5,"stat.useItem.1178":1,"stat.useItem.1172":9,"stat.useItem.1174":1,"stat.craftItem.702":0,"stat.craftItem.69":3,"stat.useItem.112":42,"stat.craftItem.61":26,"stat.craftItem.67":252,"stat.craftItem.65":192,"stat.craftItem.4837":12,"stat.craftItem.4836":90,"stat.craftItem.4839":32,"stat.mineBlock.1411":22,"stat.useItem.121":1,"stat.craftItem.4833":8,"stat.mineBlock.1416":1,"stat.mineBlock.1415":1,"achievement.buildWorkBench":4,"stat.craftItem.77":2,"stat.craftItem.87":108,"stat.mineBlock.4":557,"stat.mineBlock.5":12,"stat.mineBlock.3":5153,"stat.mineBlock.1":47955,"stat.craftItem.82":4,"stat.craftItem.80":281,"stat.flyOneCm":11802981,"stat.useItem.101":1,"stat.useItem.109":84,"stat.craftItem.98":8888,"stat.killEntity.Bat":1,"stat.craftItem.29":4,"stat.craftItem.20":244,"stat.craftItem.4864":3,"stat.killEntity.entity_fucc_a_ducc":1,"stat.useItem.1120":7,"stat.useItem.1121":4,"stat.useItem.1122":5,"stat.useItem.1123":5,"stat.craftItem.652":2590,"stat.useItem.1117":8,"stat.craftItem.35":18,"stat.useItem.1114":13,"stat.useItem.1115":1,"stat.craftItem.33":24,"stat.useItem.1111":8,"stat.craftItem.645":4,"stat.mineBlock.629":12,"stat.craftItem.4845":4,"stat.craftItem.41":8,"stat.craftItem.42":71,"stat.craftItem.4841":24,"achievement.killEnemy":449,"stat.craftItem.58":2,"stat.mineBlock.608":9,"stat.craftItem.50":741,"stat.craftItem.54":138,"stat.mineBlock.602":80,"stat.mineBlock.600":2091,"stat.mineBlock.601":12,"stat.mineBlock.606":22,"stat.diveOneCm":122377,"stat.mineBlock.607":1,"stat.killEntity.entity_mob_nuclear_creeper":7,"stat.craftItem.4427":169,"achievement.buildHoe":2,"stat.craftItem.4421":51,"stat.breakItem.257":1,"stat.mineBlock.653":14,"stat.mineBlock.654":18,"stat.mineBlock.651":100,"stat.mineBlock.652":53,"stat.mineBlock.658":374,"stat.mineBlock.655":18,"stat.craftItem.5768":2,"stat.jump":31731,"stat.craftItem.291":1,"stat.mineBlock.660":565,"stat.breakItem.6382":3,"stat.useItem.175":1,"stat.craftItem.1379":1,"stat.craftItem.4404":40,"stat.craftItem.4887":1,"stat.craftItem.4405":84,"stat.craftItem.4402":84,"achievement.blazeRod":23,"stat.craftItem.4885":4,"stat.craftItem.4401":139,"stat.craftItem.1376":16,"stat.damageTaken":282477,"stat.mineBlock.631":885,"stat.mineBlock.632":22,"stat.mineBlock.635":2,"stat.mineBlock.634":59,"stat.useItem.184":2,"stat.useItem.185":2,"stat.craftItem.4418":196,"stat.craftItem.4898":2,"stat.craftItem.4414":80,"stat.entityKilledBy.Zombie":1,"stat.craftItem.4413":17,"stat.mineBlock.642":3756,"stat.mineBlock.643":32,"stat.mineBlock.640":385,"stat.killEntity.Silverfish":4,"stat.useItem.6383":2997,"stat.mineBlock.647":20,"stat.useItem.6382":2856,"stat.mineBlock.645":2,"stat.mineBlock.648":2,"stat.craftItem.263":48,"stat.useItem.154":25,"stat.craftItem.265":4396,"stat.craftItem.266":995,"stat.mineBlock.691":1,"stat.mineBlock.692":3,"stat.craftItem.259":2,"stat.craftItem.4477":5,"achievement.blastFurnace":9,"stat.craftItem.287":192,"stat.craftItem.4447":272,"stat.craftItem.289":180,"stat.craftItem.4443":218,"stat.craftItem.4446":28,"stat.craftItem.280":664,"stat.craftItem.4442":81,"stat.craftItem.277":1,"stat.craftItem.5789":5,"stat.useItem.145":1,"stat.useItem.147":3,"stat.mineBlock.690":9,"stat.craftItem.5119":1,"stat.craftItem.4267":58,"stat.craftItem.5110":1,"stat.craftItem.4263":87,"stat.craftItem.4260":309,"stat.mineBlock.498":1,"stat.craftItem.5126":1,"stat.craftItem.5121":1,"stat.craftItem.4277":90,"stat.craftItem.4270":113,"stat.craftItem.4246":15,"stat.craftItem.4247":42,"stat.craftItem.4242":6,"stat.mineBlock.481":8,"achievement.diamonds":64,"stat.mineBlock.472":1,"stat.mineBlock.477":2930,"stat.mineBlock.478":41,"stat.mineBlock.479":29,"stat.craftItem.5104":2,"stat.craftItem.5103":8,"stat.craftItem.4259":335,"achievement.buildBetterPickaxe":6,"stat.useItem.1092":3,"stat.craftItem.6017":1,"achievement.mineWood":521,"stat.craftItem.4282":5,"stat.mineBlock.1279":3,"stat.playOneMinute":3864410,"stat.craftItem.4297":9,"stat.mineBlock.1276":1,"stat.useItem.631":600,"stat.breakItem.5622":1,"stat.useItem.1040":5,"stat.useItem.1042":4,"stat.craftItem.856":48,"stat.craftItem.859":148,"stat.useItem.642":1,"stat.fallOneCm":2230284,"stat.useItem.644":7,"stat.useItem.645":2,"stat.useItem.1032":4,"stat.useItem.1033":5,"stat.craftItem.1":2795,"stat.craftItem.4":38,"stat.mineBlock.1248":12,"stat.mineBlock.1245":2,"stat.mineBlock.1249":1,"stat.craftItem.5":1416,"stat.useItem.1028":1,"stat.useItem.1024":2,"stat.mineBlock.1240":3,"stat.craftItem.876":4,"stat.craftItem.877":7,"stat.mineBlock.1234":8,"stat.mineBlock.1235":2,"stat.craftItem.872":24,"achievement.chemplant":4,"stat.useItem.622":18,"stat.useItem.1088":70,"stat.useItem.1083":9,"stat.useItem.1084":4,"stat.killEntity.LavaSlime":45,"stat.useItem.1082":19,"stat.mineBlock.905":28,"stat.mineBlock.906":6,"achievement.theEnd2":2,"stat.mineBlock.1218":2,"stat.craftItem.6099":1,"stat.useItem.608":10,"stat.mineBlock.1203":1,"stat.mineBlock.1201":2,"stat.mineBlock.1208":2,"stat.mineBlock.1206":12,"stat.craftItem.6069":2,"stat.craftItem.6067":3,"stat.craftItem.6068":4,"stat.craftItem.6065":2,"stat.craftItem.6066":2,"stat.useItem.1068":1360,"stat.craftItem.830":0,"stat.useItem.1058":2,"stat.useItem.1054":121,"stat.useItem.1055":7,"stat.useItem.1056":1,"stat.useItem.1057":5,"stat.useItem.1050":808,"stat.craftItem.6072":3,"stat.craftItem.6070":2,"stat.craftItem.6071":3,"stat.mineBlock.938":2,"stat.craftItem.341":224,"stat.craftItem.345":1,"stat.craftItem.337":8,"stat.mineBlock.930":2,"stat.craftItem.339":1626,"stat.mineBlock.934":4,"stat.craftItem.1205":144,"stat.mineBlock.949":5,"stat.craftItem.330":1,"stat.craftItem.1208":1,"stat.swimOneCm":129898,"stat.useItem.246":1,"stat.craftItem.1206":64,"stat.craftItem.1201":1,"stat.mineBlock.940":10,"stat.craftItem.325":33,"stat.mineBlock.941":3,"stat.mineBlock.942":4,"achievement.exploreAllBiomes":{"value":0,"progress":["Sky","Sunflower Plains","Desert M","Birch Forest","Roofed Forest","Beach","Mega Taiga Hills","Extreme Hills+","River","Ocean","JungleEdge","Taiga","Mega Taiga","Swampland","Birch Forest Hills","Outer Crater","Savanna Plateau","ForestHills","Flower Forest","Plains","TaigaHills","DesertHills","Stone Beach","Jungle","Forest","JungleHills","Desert","Extreme Hills","Savanna M","Hell","Savanna","Deep Ocean"]},"stat.mineBlock.947":1,"stat.craftItem.4708":960,"stat.mineBlock.918":5,"stat.mineBlock.916":6,"stat.craftItem.364":107,"stat.mineBlock.910":5,"stat.mineBlock.929":4,"stat.craftItem.351":272,"stat.craftItem.353":198,"stat.craftItem.355":3,"stat.useItem.1414":2,"stat.useItem.1415":1,"stat.useItem.1416":2,"stat.useItem.1411":33,"stat.useItem.1412":3,"stat.useItem.1413":1,"stat.mineBlock.921":1,"achievement.theEnd":1,"stat.mineBlock.972":2,"stat.mineBlock.973":2,"stat.mineBlock.970":2,"stat.mineBlock.971":2,"stat.mineBlock.978":4,"stat.craftItem.1240":4,"stat.craftItem.4753":31,"stat.useItem.4985":2,"stat.useItem.4988":131,"stat.useItem.4987":33,"stat.mineBlock.981":2,"stat.craftItem.1214":1,"stat.craftItem.320":66,"stat.craftItem.1218":1,"stat.useItem.652":4,"achievement.centrifuge":2,"achievement.RBMK":8,"stat.mineBlock.950":1,"stat.mineBlock.951":30,"stat.mineBlock.952":12,"stat.mineBlock.958":3,"achievement.buildFurnace":3,"stat.craftItem.4734":1,"stat.craftItem.4733":1,"stat.craftItem.4732":2,"stat.craftItem.4731":2,"achievement.acidizer":2,"stat.mineBlock.961":3,"stat.mineBlock.962":14,"stat.mineBlock.960":13,"stat.mineBlock.965":5,"stat.mineBlock.963":1,"stat.mineBlock.967":1,"stat.mineBlock.968":1,"stat.craftItem.1279":1,"stat.craftItem.4304":1097,"stat.craftItem.5631":3,"stat.craftItem.4300":9,"stat.craftItem.5633":2,"stat.craftItem.5646":2,"stat.craftItem.4318":13,"stat.craftItem.4317":83,"stat.craftItem.5648":1,"stat.craftItem.5642":1,"stat.craftItem.5644":1,"stat.craftItem.5640":1,"stat.craftItem.4765":3,"oc.chip":2,"stat.craftItem.5623":1,"stat.craftItem.5622":1,"stat.killEntity.Cow":10,"stat.killEntity.Pig":2,"stat.mineBlock.528":12,"stat.walkOneCm":21869978,"stat.craftItem.386":4,"stat.playerKills":8,"stat.craftItem.5676":1,"stat.craftItem.5678":1,"stat.craftItem.5677":1,"stat.craftItem.5671":4,"stat.craftItem.5673":5,"stat.craftItem.381":11,"stat.craftItem.5670":1,"stat.craftItem.371":18,"stat.craftItem.377":102,"stat.craftItem.5208":1,"stat.craftItem.4356":204,"stat.craftItem.4355":64,"stat.craftItem.5682":1,"stat.craftItem.4350":36,"stat.mineBlock.101":53,"stat.mineBlock.106":1,"stat.useItem.291":40,"stat.mineBlock.109":40,"stat.killEntity.Skeleton":124,"stat.useItem.256":66,"stat.craftItem.5658":1,"stat.useItem.258":16,"stat.useItem.257":232,"stat.craftItem.4328":148,"stat.craftItem.4323":45,"stat.useItem.259":5,"stat.craftItem.5653":1,"stat.craftItem.5656":2,"stat.craftItem.4321":25,"stat.craftItem.5651":2,"stat.killEntity.Spider":35,"stat.craftItem.393":1001,"stat.craftItem.5661":4,"stat.craftItem.5660":3,"stat.craftItem.5662":2,"stat.craftItem.4331":216,"stat.mineBlock.561":343}