{"stat.killEntity.entity_glyphid_brawler":9,"stat.craftItem.4304":273,"stat.leaveGame":1,"stat.killEntity.Slime":12,"stat.mineBlock.253":71,"stat.mineBlock.254":85,"stat.mineBlock.251":278,"stat.mineBlock.252":105,"stat.mineBlock.411":130,"stat.useItem.1283":2,"stat.mineBlock.255":267,"stat.mineBlock.772":2,"stat.mineBlock.413":19,"stat.mineBlock.14":55,"stat.mineBlock.13":182,"stat.mineBlock.16":525,"stat.mineBlock.15":329,"stat.craftItem.5405":4,"stat.mineBlock.17":3,"stat.jump":359,"stat.craftItem.5407":1,"stat.swimOneCm":5874,"stat.craftItem.5528":8,"stat.craftItem.5406":1,"stat.fallOneCm":172603,"stat.climbOneCm":64,"stat.craftItem.1283":1,"stat.craftItem.4797":1,"achievement.buildWorkBench":2,"stat.useItem.5633":4667,"stat.useItem.5631":59606,"stat.killEntity.entity_glyphid_blaster":3,"stat.mineBlock.427":231,"stat.mineBlock.700":1,"achievement.exploreAllBiomes":{"value":0,"progress":["Outer Crater","Birch Forest","Roofed Forest","Plains","TaigaHills","DesertHills","Mega Taiga Hills","Extreme Hills+","River","Forest","Desert","Taiga","Mega Taiga","Extreme Hills"]},"stat.mineBlock.98":48,"stat.craftItem.4708":97,"stat.mineBlock.12":4130,"stat.mineBlock.428":52,"stat.mineBlock.1132":1,"stat.mineBlock.429":26,"achievement.radPoison":599,"stat.craftItem.5":12,"stat.useItem.859":3,"stat.useItem.5623":100,"stat.craftItem.1132":1,"stat.damageTaken":21156,"stat.mineBlock.4":5,"stat.mineBlock.3":222,"achievement.slimeball":7,"stat.mineBlock.477":280,"stat.mineBlock.1":43443,"stat.killEntity.entity_glyphid":24,"stat.useItem.54":1,"stat.flyOneCm":664789,"stat.mineBlock.1114":1,"stat.useItem.56":54,"stat.useItem.50":87,"stat.mineBlock.250":197,"stat.useItem.1132":1,"stat.damageDealt":375930,"stat.mineBlock.482":11773,"stat.mineBlock.246":151,"stat.mineBlock.247":196,"stat.mineBlock.244":171,"stat.mineBlock.800":1,"stat.mineBlock.801":3,"stat.mineBlock.248":149,"stat.mineBlock.766":11,"stat.mineBlock.73":293,"stat.mineBlock.249":184,"stat.mineBlock.409":26,"stat.useItem.58":1,"stat.mineBlock.1351":6,"stat.mineBlock.802":2,"stat.craftItem.263":29,"stat.walkOneCm":989170,"stat.craftItem.1199":1,"stat.mineBlock.451":28,"stat.useItem.6017":3,"stat.mineBlock.450":17,"stat.mineBlock.455":26,"stat.useItem.6410":10,"stat.mineBlock.453":87,"stat.craftItem.4180":45,"stat.mineBlock.454":19,"stat.mineBlock.457":14,"stat.mineBlock.458":79,"stat.killEntity.Creeper":9,"stat.mineBlock.1068":9,"stat.useItem.1199":1,"achievement.mineWood":3,"stat.useItem.1190":1,"stat.mineBlock.1050":8,"stat.mineBlock.56":150,"stat.killEntity.entity_glyphid_bombardier":11,"stat.killEntity.Skeleton":11,"stat.killEntity.entity_mob_phosgene_creeper":1,"achievement.openInventory":231,"stat.craftItem.4201":60,"stat.killEntity.Spider":5,"stat.useItem.1068":120,"stat.mineBlock.1283":1,"stat.mobKills":172,"stat.mineBlock.21":27,"stat.useItem.98":64,"stat.craftItem.58":1,"stat.drop":308,"stat.playOneMinute":118725,"stat.craftItem.4576":516,"stat.useItem.700":1,"stat.useItem.4":31,"stat.craftItem.1068":512,"stat.craftItem.54":1,"stat.useItem.3":1,"stat.mineBlock.165":18,"stat.mineBlock.166":2,"stat.useItem.1050":112,"stat.killEntity.Zombie":6,"achievement.redRoom":1,"achievement.stratum":1,"stat.mineBlock.449":62,"stat.useItem.13":1,"stat.diveOneCm":8217,"stat.mineBlock.31":11}