{"stat.killEntity.EntityHorse":6,"stat.leaveGame":23,"stat.craftItem.4384":144,"stat.useItem.918":6,"stat.useItem.916":2,"stat.craftItem.4383":11,"achievement.radDeath":1,"stat.killEntity.PigZombie":2,"stat.useItem.921":1,"stat.craftItem.4156":48,"stat.craftItem.6332":1980,"stat.useItem.929":4,"stat.craftItem.4151":257,"stat.mineBlock.147":1,"stat.craftItem.5214":1,"stat.craftItem.5211":1,"stat.craftItem.916":1,"stat.craftItem.918":1,"stat.mineBlock.114":2,"stat.mineBlock.112":73,"stat.killEntity.Enderman":4,"stat.mineBlock.113":2,"stat.killEntity.entity_glyphid":2,"achievement.buildPickaxe":6,"stat.killEntity.Witch":5,"stat.craftItem.5463":1,"stat.craftItem.4134":1,"stat.useItem.905":2,"stat.craftItem.906":1,"stat.useItem.906":1,"stat.mineBlock.1190":5,"stat.craftItem.5034":2,"stat.mineBlock.184":2,"stat.craftItem.5033":2,"stat.craftItem.5035":0,"stat.craftItem.4185":490,"stat.craftItem.5032":2,"stat.mineBlock.174":454,"stat.mineBlock.175":1,"stat.craftItem.5031":2,"stat.craftItem.5273":0,"stat.craftItem.4180":204,"stat.mineBlock.1185":1,"stat.craftItem.6379":6,"stat.craftItem.4197":109,"stat.craftItem.6378":3,"stat.craftItem.4199":6,"achievement.burnerPress":2,"stat.craftItem.4194":49,"stat.craftItem.4193":192,"stat.craftItem.4196":3,"stat.craftItem.4195":15,"stat.craftItem.4192":6,"stat.mineBlock.1169":1,"stat.killEntity.entity_mob_phosgene_creeper":1,"achievement.openInventory":4503,"stat.mineBlock.162":71,"stat.mineBlock.154":7,"stat.mineBlock.153":142,"stat.mineBlock.1162":3,"stat.mineBlock.1159":1,"stat.deaths":8,"stat.craftItem.4179":478,"stat.craftItem.4175":1063,"stat.craftItem.4178":396,"stat.mineBlock.165":37,"stat.mineBlock.166":11,"stat.craftItem.4174":671,"stat.mineBlock.1151":11,"stat.mineBlock.1148":1,"stat.mineBlock.1149":2,"stat.craftItem.741":6,"achievement.assembly":1,"stat.useItem.1169":5,"stat.craftItem.739":28,"stat.killEntity.Ghast":6,"stat.useItem.1162":4,"stat.craftItem.731":64,"stat.craftItem.977":5,"stat.mineBlock.1145":8,"stat.craftItem.737":40,"stat.mineBlock.1143":1,"stat.craftItem.738":60,"stat.useItem.765":21,"stat.useItem.1159":4,"achievement.killCow":3,"stat.useItem.1151":29,"stat.craftItem.962":6,"stat.craftItem.965":0,"stat.craftItem.969":0,"achievement.radPoison":6055,"stat.craftItem.520":4,"stat.useItem.977":7,"stat.craftItem.5056":216,"stat.useItem.1147":1,"stat.useItem.1148":2,"stat.craftItem.5058":78,"achievement.polymer":25,"stat.useItem.1149":45,"stat.useItem.1143":6,"stat.craftItem.6382":5,"stat.useItem.1145":24,"stat.craftItem.6380":6,"stat.craftItem.6381":3,"stat.craftItem.514":7,"stat.mineBlock.1122":1,"stat.mineBlock.1114":1,"stat.mineBlock.1117":6,"stat.craftItem.5069":2,"stat.useItem.1138":5,"stat.craftItem.5068":238,"stat.mineBlock.1350":3,"stat.mineBlock.1351":6,"stat.mineBlock.1345":9,"stat.useItem.950":1,"stat.useItem.951":21,"stat.mineBlock.1349":9,"stat.useItem.952":12,"stat.useItem.958":2,"stat.useItem.6411":23,"stat.useItem.6410":57,"stat.craftItem.930":1,"stat.useItem.962":14,"stat.useItem.960":15,"stat.useItem.965":1,"stat.useItem.969":1,"stat.useItem.6407":597,"stat.craftItem.929":2,"stat.useItem.1190":126,"achievement.portal":1,"stat.useItem.930":5,"stat.useItem.934":8,"stat.useItem.1185":1,"stat.craftItem.951":2,"stat.useItem.1181":1,"stat.useItem.6":19,"achievement.acquireIron":31,"stat.useItem.940":12,"stat.useItem.1":492,"stat.useItem.941":5,"stat.useItem.942":15,"stat.useItem.4":1604,"stat.useItem.947":2,"stat.useItem.5":1,"stat.useItem.3":31,"stat.useItem.1175":1,"stat.useItem.949":5,"stat.useItem.1178":1,"stat.useItem.1174":1,"stat.craftItem.940":2,"stat.craftItem.69":1,"stat.useItem.355":10,"stat.useItem.112":42,"stat.craftItem.61":26,"stat.craftItem.67":252,"stat.craftItem.65":192,"stat.craftItem.4837":12,"stat.craftItem.4836":90,"stat.craftItem.4839":32,"stat.craftItem.4833":2,"stat.craftItem.5922":0,"achievement.buildWorkBench":4,"achievement.ae2.ChargedQuartz":9,"achievement.concrete":11,"stat.useItem.330":1,"stat.useItem.338":34,"stat.craftItem.87":108,"stat.mineBlock.4":516,"stat.mineBlock.5":1,"stat.mineBlock.3":1200,"achievement.slimeball":1,"stat.mineBlock.1":15004,"stat.craftItem.80":146,"stat.flyOneCm":4709750,"stat.useItem.101":1,"stat.useItem.109":64,"stat.craftItem.98":3384,"stat.craftItem.5958":1,"stat.craftItem.4627":1,"stat.killEntity.Bat":1,"stat.craftItem.1114":5,"stat.craftItem.5955":1,"stat.craftItem.4624":44,"stat.craftItem.5954":6,"stat.craftItem.4623":12,"stat.craftItem.5957":1,"stat.craftItem.5956":1,"stat.craftItem.4625":5,"stat.craftItem.4620":19,"stat.craftItem.5951":2,"stat.craftItem.20":192,"stat.craftItem.5950":1,"stat.craftItem.5953":5,"stat.craftItem.4864":3,"stat.craftItem.5952":5,"stat.killEntity.entity_fucc_a_ducc":1,"stat.useItem.1120":1,"stat.useItem.1121":3,"stat.useItem.1122":1,"stat.killEntity.Creeper":30,"stat.useItem.324":2,"stat.craftItem.652":2590,"stat.craftItem.4636":3,"achievement.schrab":28,"stat.craftItem.1120":1,"stat.useItem.1117":6,"stat.craftItem.4633":0,"stat.craftItem.4632":2,"stat.craftItem.35":16,"stat.useItem.1114":5,"stat.craftItem.33":2,"stat.craftItem.1121":0,"achievement.buildSword":6,"stat.killEntity.Squid":2,"stat.craftItem.405":60,"stat.craftItem.5939":3,"stat.craftItem.4845":4,"stat.craftItem.41":7,"stat.craftItem.42":64,"achievement.killEnemy":162,"stat.craftItem.4616":16,"stat.craftItem.5947":1,"stat.craftItem.58":2,"stat.mineBlock.608":2,"stat.craftItem.1103":8,"stat.craftItem.5949":1,"stat.craftItem.4615":22,"stat.craftItem.4614":147,"stat.craftItem.5942":4,"stat.craftItem.50":549,"stat.craftItem.54":123,"stat.killEntity.Zombie":64,"stat.mineBlock.600":14,"stat.diveOneCm":57495,"stat.useItem.65":75,"stat.craftItem.1159":1,"stat.useItem.67":154,"stat.useItem.61":18,"stat.craftItem.5514":36,"stat.craftItem.4427":12,"achievement.buildHoe":2,"stat.craftItem.1151":1,"stat.breakItem.257":1,"stat.mineBlock.653":14,"stat.mineBlock.411":2729,"stat.mineBlock.412":565,"stat.mineBlock.654":4,"stat.mineBlock.651":13,"stat.mineBlock.652":18,"stat.mineBlock.894":1,"stat.mineBlock.413":28,"stat.mineBlock.655":4,"stat.craftItem.1169":1,"stat.jump":24725,"stat.craftItem.1162":6,"stat.craftItem.291":1,"stat.breakItem.6382":3,"stat.mineBlock.427":139,"stat.mineBlock.428":7,"stat.mineBlock.429":22,"stat.useItem.175":1,"stat.craftItem.1138":3,"stat.craftItem.5977":5,"stat.craftItem.4404":6,"stat.craftItem.5976":4,"stat.craftItem.4405":84,"stat.craftItem.5975":4,"stat.craftItem.4402":84,"achievement.blazeRod":3,"stat.craftItem.4885":4,"stat.craftItem.4401":29,"stat.craftItem.5974":2,"stat.craftItem.4640":12,"stat.craftItem.1132":2,"stat.damageTaken":116942,"stat.mineBlock.631":368,"stat.useItem.184":2,"stat.useItem.49":11,"stat.useItem.54":66,"stat.useItem.185":2,"stat.craftItem.4418":196,"stat.craftItem.1149":0,"stat.useItem.50":592,"stat.craftItem.4898":2,"stat.craftItem.4414":80,"stat.craftItem.4656":74,"stat.craftItem.4658":4,"stat.craftItem.4413":17,"stat.craftItem.1145":0,"stat.useItem.6383":2997,"stat.useItem.6382":2856,"stat.useItem.58":3,"stat.craftItem.263":48,"stat.useItem.397":5,"stat.useItem.154":14,"stat.craftItem.265":2943,"stat.craftItem.6407":1,"stat.craftItem.266":291,"stat.useItem.24":21,"stat.craftItem.4477":5,"stat.craftItem.6410":1,"stat.craftItem.6411":1,"achievement.blastFurnace":6,"stat.useItem.372":5,"stat.craftItem.287":192,"stat.craftItem.4447":80,"stat.craftItem.289":180,"stat.craftItem.4208":27,"stat.craftItem.1175":0,"stat.craftItem.4201":28,"stat.craftItem.4443":128,"stat.craftItem.4446":28,"stat.craftItem.280":148,"stat.craftItem.1178":0,"stat.craftItem.4442":81,"stat.mobKills":286,"stat.mineBlock.438":575,"stat.mineBlock.439":3,"stat.craftItem.277":1,"stat.useItem.147":3,"stat.craftItem.4695":2,"stat.mineBlock.440":47,"stat.mineBlock.444":43,"stat.mineBlock.445":20,"stat.craftItem.1181":0,"stat.mineBlock.443":31,"stat.mineBlock.448":1,"stat.useItem.17":1,"stat.useItem.13":45,"stat.useItem.15":2,"stat.useItem.392":360,"stat.useItem.16":1,"stat.mineBlock.253":54,"stat.craftItem.4260":120,"stat.mineBlock.254":56,"stat.mineBlock.251":370,"stat.mineBlock.252":164,"stat.mineBlock.255":320,"stat.killEntity.Blaze":5,"stat.mineBlock.14":98,"stat.mineBlock.13":989,"stat.mineBlock.16":1364,"stat.mineBlock.15":509,"stat.mineBlock.18":1815,"stat.mineBlock.17":633,"stat.craftItem.5121":1,"stat.craftItem.4277":12,"stat.mineBlock.1092":1,"stat.mineBlock.12":2330,"stat.craftItem.4247":10,"stat.craftItem.4242":2,"stat.mineBlock.481":8,"achievement.diamonds":16,"stat.mineBlock.477":2894,"stat.mineBlock.478":41,"stat.mineBlock.1082":3,"stat.mineBlock.479":29,"stat.mineBlock.1083":1,"stat.mineBlock.1088":7,"stat.craftItem.5104":2,"stat.craftItem.5103":3,"stat.craftItem.4259":272,"stat.mineBlock.250":293,"achievement.buildBetterPickaxe":6,"stat.mineBlock.246":121,"stat.mineBlock.247":227,"stat.useItem.5211":2,"stat.mineBlock.244":163,"stat.mineBlock.248":170,"stat.mineBlock.249":109,"stat.mineBlock.1068":133,"stat.craftItem.6017":1,"achievement.mineWood":511,"stat.mineBlock.1050":107,"stat.mineBlock.1056":1,"stat.mineBlock.1057":3,"stat.mineBlock.1054":3,"stat.mineBlock.1055":7,"stat.useItem.87":218,"stat.useItem.88":11,"stat.mineBlock.1040":4,"stat.useItem.98":2789,"achievement.ghast":1,"stat.playOneMinute":2357482,"stat.craftItem.4297":9,"stat.mineBlock.1033":1,"stat.useItem.631":347,"stat.breakItem.5622":1,"stat.useItem.5646":1200,"stat.useItem.5644":97,"stat.useItem.5641":1398,"stat.useItem.5642":2,"stat.useItem.5640":31,"stat.useItem.1040":5,"stat.useItem.1042":4,"stat.craftItem.611":16,"stat.craftItem.856":48,"stat.mineBlock.1024":1,"stat.craftItem.859":52,"stat.fallOneCm":760537,"stat.useItem.5635":28,"stat.useItem.1032":4,"stat.useItem.1033":5,"stat.useItem.5631":7393,"stat.craftItem.1":2636,"stat.craftItem.4":38,"stat.craftItem.642":32,"stat.craftItem.5":1032,"stat.useItem.5623":37,"stat.useItem.5622":254,"stat.useItem.1024":2,"stat.craftItem.877":7,"stat.craftItem.872":24,"stat.craftItem.631":608,"achievement.chemplant":4,"stat.useItem.622":1,"stat.useItem.4765":22,"stat.useItem.1088":6,"stat.killEntity.LavaSlime":32,"stat.useItem.1082":3,"stat.mineBlock.905":2,"stat.craftItem.4915":2,"stat.craftItem.4911":11,"stat.useItem.5678":6875,"stat.useItem.5676":2437,"stat.useItem.5677":598,"stat.useItem.608":2,"stat.useItem.5670":35,"stat.craftItem.4907":1,"stat.mineBlock.1203":1,"stat.mineBlock.1201":2,"stat.craftItem.6069":1,"stat.craftItem.6067":1,"stat.craftItem.6068":1,"stat.craftItem.6065":1,"stat.craftItem.6066":1,"stat.useItem.1068":723,"stat.useItem.5661":8206,"stat.useItem.5662":337,"stat.useItem.5660":205,"stat.useItem.1058":2,"stat.useItem.5656":1126,"stat.useItem.1054":29,"stat.useItem.1055":7,"stat.useItem.1056":1,"stat.useItem.1057":5,"stat.useItem.1050":459,"stat.craftItem.6072":1,"stat.craftItem.6070":1,"stat.craftItem.6071":1,"stat.craftItem.341":224,"stat.craftItem.101":816,"stat.craftItem.102":240,"stat.craftItem.345":1,"stat.useItem.477":10,"stat.craftItem.4941":4,"stat.craftItem.4940":4,"stat.useItem.1201":3,"stat.useItem.1203":1,"stat.craftItem.577":4,"stat.craftItem.337":8,"stat.mineBlock.930":2,"stat.craftItem.339":348,"stat.mineBlock.934":2,"stat.mineBlock.949":5,"stat.swimOneCm":105655,"stat.climbOneCm":21853,"stat.craftItem.1201":1,"stat.mineBlock.940":10,"stat.craftItem.325":33,"stat.mineBlock.941":3,"stat.mineBlock.942":4,"achievement.exploreAllBiomes":{"value":0,"progress":["ForestHills","DesertHills","Birch Forest","Extreme Hills+","Roofed Forest","River","Plains","Desert","Taiga","Extreme Hills","Hell"]},"stat.mineBlock.947":1,"stat.craftItem.4708":330,"stat.mineBlock.703":170,"stat.mineBlock.918":5,"stat.mineBlock.916":4,"stat.craftItem.364":107,"stat.craftItem.1411":12,"stat.craftItem.1412":1,"stat.craftItem.1414":22,"stat.mineBlock.910":1,"stat.mineBlock.929":4,"stat.craftItem.351":207,"stat.craftItem.353":78,"stat.craftItem.4934":1,"stat.craftItem.355":3,"stat.useItem.1414":2,"stat.useItem.1411":11,"stat.useItem.1412":1,"stat.ae2.TurnedCranks":464,"stat.mineBlock.921":1,"stat.craftItem.109":60,"stat.craftItem.4987":1,"stat.craftItem.4505":693,"stat.useItem.439":1,"petAchieve1":12,"stat.mineBlock.730":4,"stat.mineBlock.731":16,"stat.useItem.440":4,"stat.craftItem.4997":17,"stat.craftItem.4753":31,"stat.craftItem.4991":1,"stat.useItem.4987":33,"stat.craftItem.525":14,"stat.craftItem.1214":1,"stat.craftItem.320":66,"stat.craftItem.1218":1,"stat.useItem.411":8,"stat.craftItem.565":3,"stat.useItem.652":4,"achievement.centrifuge":2,"achievement.RBMK":3,"stat.mineBlock.951":19,"stat.mineBlock.952":12,"stat.mineBlock.958":3,"achievement.buildFurnace":3,"stat.drop":568,"stat.craftItem.4733":1,"stat.useItem.1218":1,"stat.useItem.427":4,"stat.killEntity.Sheep":3,"stat.craftItem.4731":2,"achievement.acidizer":2,"stat.mineBlock.961":2,"stat.mineBlock.962":8,"stat.mineBlock.960":7,"stat.craftItem.184":1,"stat.craftItem.185":1,"stat.craftItem.4304":16,"stat.craftItem.4548":126,"stat.craftItem.1032":4,"stat.craftItem.5631":1,"stat.craftItem.1031":0,"stat.craftItem.181":320,"stat.craftItem.1033":4,"stat.killEntity.Slime":1,"stat.mineBlock.81":9,"stat.mineBlock.80":105,"stat.mineBlock.82":16,"stat.mineBlock.777":15,"stat.mineBlock.87":627,"stat.mineBlock.89":15,"stat.mineBlock.88":45,"stat.craftItem.5646":1,"stat.craftItem.4318":13,"stat.craftItem.4317":83,"stat.craftItem.5642":1,"stat.craftItem.5644":1,"stat.craftItem.1040":1,"stat.craftItem.5640":1,"stat.mineBlock.782":86,"stat.mineBlock.783":201,"stat.mineBlock.784":3,"stat.mineBlock.98":754,"stat.craftItem.4529":9,"stat.craftItem.5857":2,"stat.craftItem.4765":3,"stat.mineBlock.61":25,"stat.mineBlock.67":34,"stat.mineBlock.79":1,"stat.craftItem.4536":2,"stat.craftItem.4535":45,"stat.craftItem.5623":1,"stat.craftItem.5622":1,"stat.craftItem.1024":1,"stat.craftItem.5861":2,"stat.damageDealt":212555,"stat.killEntity.Cow":10,"stat.mineBlock.765":12,"stat.mineBlock.766":257,"stat.mineBlock.73":150,"stat.killEntity.Pig":1,"stat.mineBlock.46":9,"stat.mineBlock.49":43,"stat.walkOneCm":11910659,"stat.playerKills":2,"stat.craftItem.147":2,"stat.craftItem.5676":1,"stat.craftItem.4589":1,"stat.craftItem.5678":1,"stat.craftItem.5677":1,"stat.craftItem.5671":3,"stat.mineBlock.44":6,"stat.mineBlock.58":2,"stat.craftItem.5208":1,"stat.craftItem.4356":204,"stat.craftItem.4355":64,"stat.craftItem.4594":736,"stat.craftItem.1088":16,"stat.craftItem.4350":36,"stat.craftItem.1082":4,"stat.mineBlock.101":1,"stat.mineBlock.50":91,"stat.mineBlock.54":27,"stat.useItem.291":40,"stat.mineBlock.56":32,"stat.mineBlock.109":28,"stat.mineBlock.24":29,"stat.killEntity.Skeleton":50,"stat.useItem.256":66,"stat.useItem.258":16,"stat.useItem.257":232,"stat.craftItem.4328":148,"stat.craftItem.1054":272,"stat.craftItem.4323":4,"stat.useItem.259":4,"stat.craftItem.5656":1,"stat.craftItem.1058":2,"stat.killEntity.Chicken":7,"stat.craftItem.1057":6,"stat.craftItem.1056":4,"stat.craftItem.4321":25,"stat.craftItem.1055":4,"stat.craftItem.5651":1,"stat.killEntity.Spider":15,"stat.craftItem.1050":608,"stat.mineBlock.21":37,"stat.craftItem.393":685,"stat.mineBlock.35":1,"stat.craftItem.152":1,"stat.craftItem.154":11,"stat.mineBlock.37":114,"stat.craftItem.4576":800,"stat.craftItem.5661":4,"stat.craftItem.5660":3,"stat.craftItem.1068":960,"stat.craftItem.5662":2,"stat.craftItem.4331":216,"achievement.desh":2,"stat.mineBlock.31":171}