{"stat.craftItem.101":1184,"stat.leaveGame":5,"stat.mineBlock.253":71,"stat.mineBlock.254":85,"stat.mineBlock.251":278,"stat.craftItem.4383":354,"stat.mineBlock.252":105,"stat.mineBlock.255":267,"stat.mineBlock.14":55,"stat.mineBlock.13":182,"stat.mineBlock.16":525,"stat.mineBlock.15":329,"stat.mineBlock.17":95,"stat.swimOneCm":13362,"stat.climbOneCm":64,"achievement.buildWorkBench":2,"stat.killEntity.entity_glyphid_blaster":5,"stat.mineBlock.700":1,"achievement.exploreAllBiomes":{"value":0,"progress":["Outer Crater","Birch Forest","Roofed Forest","Plains","TaigaHills","DesertHills","Mega Taiga Hills","Extreme Hills+","River","Forest","Desert","Taiga","Mega Taiga","Extreme Hills"]},"stat.craftItem.4708":768,"stat.mineBlock.12":4130,"stat.craftItem.4246":64,"stat.craftItem.5213":2,"stat.mineBlock.4":5,"stat.mineBlock.595":125,"stat.craftItem.4240":56,"stat.mineBlock.3":222,"achievement.slimeball":7,"stat.mineBlock.477":280,"stat.mineBlock.1":43444,"stat.killEntity.entity_glyphid":89,"stat.flyOneCm":1070096,"stat.craftItem.353":64,"stat.mineBlock.250":197,"stat.craftItem.5102":4,"stat.mineBlock.482":11773,"stat.useItem.5213":12,"stat.mineBlock.246":151,"stat.mineBlock.247":196,"stat.mineBlock.244":171,"stat.mineBlock.800":1,"stat.mineBlock.801":3,"stat.mineBlock.248":149,"stat.mineBlock.249":184,"stat.mineBlock.802":2,"stat.useItem.6017":3,"stat.craftItem.4180":108,"stat.killEntity.Creeper":15,"stat.mineBlock.1068":9,"stat.craftItem.652":512,"stat.useItem.1117":2,"stat.craftItem.35":144,"achievement.mineWood":85,"stat.mineBlock.1050":13,"stat.killEntity.entity_glyphid_bombardier":23,"stat.killEntity.entity_mob_phosgene_creeper":1,"achievement.openInventory":401,"stat.craftItem.4721":12,"stat.mineBlock.154":1,"stat.mineBlock.1283":1,"stat.mineBlock.1285":1,"stat.useItem.98":89,"stat.craftItem.58":1,"stat.drop":449,"stat.craftItem.4736":3,"stat.playOneMinute":227540,"stat.craftItem.4175":232,"stat.craftItem.54":1,"stat.craftItem.4178":768,"stat.mineBlock.165":18,"stat.mineBlock.166":2,"stat.craftItem.4174":768,"stat.killEntity.Zombie":13,"achievement.redRoom":1,"achievement.stratum":1,"stat.mineBlock.606":4,"stat.diveOneCm":12714,"stat.craftItem.1159":6,"stat.killEntity.entity_glyphid_brawler":17,"stat.craftItem.4304":585,"stat.craftItem.1031":0,"stat.killEntity.Slime":12,"stat.useItem.1285":2,"stat.useItem.1287":1,"stat.mineBlock.411":130,"stat.useItem.1283":2,"stat.mineBlock.772":10,"stat.mineBlock.773":5,"stat.mineBlock.779":280,"stat.mineBlock.413":19,"stat.mineBlock.1145":1,"stat.craftItem.5405":4,"stat.jump":829,"stat.craftItem.5407":1,"stat.craftItem.5528":8,"stat.craftItem.5406":1,"stat.craftItem.1285":0,"stat.fallOneCm":287299,"stat.craftItem.1283":1,"stat.craftItem.4797":1,"stat.craftItem.1287":1,"stat.craftItem.4793":0,"stat.useItem.5633":4667,"stat.useItem.5631":59785,"stat.mineBlock.427":231,"stat.mineBlock.98":73,"stat.mineBlock.428":52,"stat.mineBlock.1132":1,"stat.mineBlock.429":26,"stat.craftItem.969":0,"achievement.radPoison":599,"stat.craftItem.5":268,"stat.useItem.859":3,"stat.useItem.5623":208,"stat.craftItem.1132":1,"stat.damageTaken":33504,"stat.useItem.1145":2,"stat.craftItem.877":8,"stat.useItem.54":1,"stat.mineBlock.1114":1,"stat.useItem.56":54,"stat.useItem.50":92,"stat.craftItem.4656":64,"stat.mineBlock.1117":2,"stat.craftItem.872":128,"stat.craftItem.631":772,"stat.craftItem.4658":9,"stat.craftItem.5068":40,"stat.useItem.1132":1,"stat.damageDealt":820570,"stat.mineBlock.766":11,"stat.mineBlock.73":293,"stat.mineBlock.409":26,"stat.useItem.58":1,"stat.mineBlock.1351":6,"stat.craftItem.263":29,"stat.walkOneCm":1599741,"stat.craftItem.265":768,"stat.useItem.952":1,"stat.craftItem.1199":1,"stat.craftItem.5794":42,"stat.mineBlock.451":28,"stat.useItem.5204":1,"stat.useItem.839":4,"stat.mineBlock.450":17,"stat.mineBlock.455":26,"stat.useItem.6410":10,"stat.mineBlock.453":87,"stat.mineBlock.454":19,"stat.mineBlock.457":14,"stat.mineBlock.458":79,"stat.craftItem.5204":1,"stat.useItem.969":1,"stat.useItem.1199":1,"stat.useItem.5672":401,"stat.mineBlock.50":2,"stat.useItem.1190":1,"stat.mineBlock.54":1,"stat.mineBlock.56":150,"stat.killEntity.Skeleton":12,"stat.craftItem.287":576,"stat.craftItem.4201":60,"stat.craftItem.5531":15,"stat.killEntity.Spider":6,"stat.craftItem.839":0,"stat.useItem.1068":124,"stat.craftItem.1050":128,"stat.mobKills":379,"stat.mineBlock.21":27,"stat.craftItem.4576":772,"stat.useItem.700":1,"stat.useItem.4":31,"stat.craftItem.1068":512,"stat.useItem.3":1,"stat.useItem.1050":141,"stat.mineBlock.449":62,"stat.useItem.13":1,"stat.mineBlock.31":14}