{"stat.walkOneCm":169759,"stat.craftItem.4304":225,"achievement.openInventory":49,"stat.craftItem.1199":1,"stat.craftItem.1132":1,"stat.damageTaken":14050,"stat.useItem.1283":2,"stat.mineBlock.1283":1,"stat.mineBlock.1068":1,"stat.useItem.98":1,"stat.flyOneCm":37023,"stat.mineBlock.1114":1,"stat.craftItem.5405":4,"stat.drop":11,"stat.jump":75,"stat.craftItem.5407":1,"stat.craftItem.5406":1,"stat.playOneMinute":25896,"stat.craftItem.4576":516,"stat.fallOneCm":21290,"stat.craftItem.1283":1,"stat.useItem.1132":1,"stat.useItem.1199":1,"stat.useItem.5631":6,"stat.useItem.1050":1,"stat.mineBlock.1050":1,"achievement.exploreAllBiomes":{"value":0,"progress":["Desert","Extreme Hills"]},"stat.mineBlock.98":1,"stat.craftItem.4708":97,"stat.mineBlock.1132":1}